app,category,scenario,simT,precision,recall
a15,Browser,b11,0.30,28.57,100.00
a15,Browser,b11,0.30,28.57,100.00
a15,Browser,b11,0.30,28.57,100.00
a15,Browser,b11,0.30,28.57,100.00
a15,Browser,b11,0.30,28.57,100.00
a15,Browser,b11,0.30,28.57,100.00
a15,Browser,b11,0.30,28.57,100.00
a15,Browser,b11,0.30,28.57,100.00
a15,Browser,b11,0.30,28.57,100.00
a15,Browser,b11,0.30,28.57,100.00
a11,Browser,b11,0.30,100.00,100.00
a11,Browser,b11,0.30,100.00,100.00
a11,Browser,b11,0.30,100.00,100.00
a11,Browser,b11,0.30,100.00,100.00
a11,Browser,b11,0.30,100.00,100.00
a11,Browser,b11,0.30,100.00,100.00
a11,Browser,b11,0.30,100.00,100.00
a11,Browser,b11,0.30,100.00,100.00
a11,Browser,b11,0.30,100.00,100.00
a11,Browser,b11,0.30,100.00,100.00
a14,Browser,b11,0.30,100.00,100.00
a14,Browser,b11,0.30,100.00,100.00
a14,Browser,b11,0.30,100.00,100.00
a14,Browser,b11,0.30,100.00,100.00
a14,Browser,b11,0.30,100.00,100.00
a14,Browser,b11,0.30,100.00,100.00
a14,Browser,b11,0.30,100.00,100.00
a14,Browser,b11,0.30,100.00,100.00
a14,Browser,b11,0.30,100.00,100.00
a14,Browser,b11,0.30,100.00,100.00
a13,Browser,b11,0.30,100.00,100.00
a13,Browser,b11,0.30,100.00,100.00
a13,Browser,b11,0.30,100.00,100.00
a13,Browser,b11,0.30,100.00,100.00
a13,Browser,b11,0.30,100.00,100.00
a13,Browser,b11,0.30,100.00,100.00
a13,Browser,b11,0.30,100.00,100.00
a13,Browser,b11,0.30,100.00,100.00
a13,Browser,b11,0.30,100.00,100.00
a13,Browser,b11,0.30,100.00,100.00
a15,Browser,b11,0.20,28.57,100.00
a15,Browser,b11,0.20,28.57,100.00
a15,Browser,b11,0.20,28.57,100.00
a15,Browser,b11,0.20,28.57,100.00
a15,Browser,b11,0.20,28.57,100.00
a15,Browser,b11,0.20,28.57,100.00
a15,Browser,b11,0.20,28.57,100.00
a15,Browser,b11,0.20,28.57,100.00
a15,Browser,b11,0.20,28.57,100.00
a11,Browser,b11,0.20,100.00,100.00
a11,Browser,b11,0.20,100.00,100.00
a11,Browser,b11,0.20,100.00,100.00
a11,Browser,b11,0.20,100.00,100.00
a11,Browser,b11,0.20,100.00,100.00
a11,Browser,b11,0.20,100.00,100.00
a11,Browser,b11,0.20,100.00,100.00
a11,Browser,b11,0.20,100.00,100.00
a11,Browser,b11,0.20,100.00,100.00
a14,Browser,b11,0.20,100.00,100.00
a14,Browser,b11,0.20,100.00,100.00
a14,Browser,b11,0.20,100.00,100.00
a14,Browser,b11,0.20,100.00,100.00
a14,Browser,b11,0.20,100.00,100.00
a14,Browser,b11,0.20,100.00,100.00
a14,Browser,b11,0.20,100.00,100.00
a14,Browser,b11,0.20,100.00,100.00
a14,Browser,b11,0.20,100.00,100.00
a14,Browser,b11,0.20,100.00,100.00
a13,Browser,b11,0.20,100.00,100.00
a13,Browser,b11,0.20,100.00,100.00
a13,Browser,b11,0.20,100.00,100.00
a13,Browser,b11,0.20,100.00,100.00
a13,Browser,b11,0.20,100.00,100.00
a13,Browser,b11,0.20,100.00,100.00
a13,Browser,b11,0.20,100.00,100.00
a13,Browser,b11,0.20,100.00,100.00
a13,Browser,b11,0.20,100.00,100.00
a13,Browser,b11,0.20,100.00,100.00
a15,Browser,b11,0.25,28.57,100.00
a15,Browser,b11,0.25,28.57,100.00
a15,Browser,b11,0.25,28.57,100.00
a15,Browser,b11,0.25,28.57,100.00
a11,Browser,b11,0.25,100.00,100.00
a11,Browser,b11,0.25,100.00,100.00
a11,Browser,b11,0.25,100.00,100.00
a11,Browser,b11,0.25,100.00,100.00
a14,Browser,b11,0.25,100.00,100.00
a14,Browser,b11,0.25,100.00,100.00
a14,Browser,b11,0.25,100.00,100.00
a14,Browser,b11,0.25,100.00,100.00
a13,Browser,b11,0.25,100.00,100.00
a13,Browser,b11,0.25,100.00,100.00
a13,Browser,b11,0.25,100.00,100.00
a13,Browser,b11,0.25,100.00,100.00
a15,Browser,b11,0.10,28.57,100.00
a15,Browser,b11,0.10,28.57,100.00
a15,Browser,b11,0.10,28.57,100.00
a15,Browser,b11,0.10,28.57,100.00
a15,Browser,b11,0.10,28.57,100.00
a15,Browser,b11,0.10,28.57,100.00
a11,Browser,b11,0.10,100.00,100.00
a11,Browser,b11,0.10,100.00,100.00
a11,Browser,b11,0.10,100.00,100.00
a11,Browser,b11,0.10,100.00,100.00
a11,Browser,b11,0.10,100.00,100.00
a11,Browser,b11,0.10,100.00,100.00
a11,Browser,b11,0.10,100.00,100.00
a14,Browser,b11,0.10,100.00,100.00
a14,Browser,b11,0.10,100.00,100.00
a14,Browser,b11,0.10,100.00,100.00
a14,Browser,b11,0.10,100.00,100.00
a14,Browser,b11,0.10,100.00,100.00
a14,Browser,b11,0.10,100.00,100.00
a13,Browser,b11,0.10,100.00,100.00
a13,Browser,b11,0.10,100.00,100.00
a13,Browser,b11,0.10,100.00,100.00
a13,Browser,b11,0.10,100.00,100.00
a13,Browser,b11,0.10,0,0
a13,Browser,b11,0.10,100.00,100.00
a13,Browser,b11,0.10,100.00,100.00
a15,Browser,b11,0.15,28.57,100.00
a15,Browser,b11,0.15,28.57,100.00
a15,Browser,b11,0.15,28.57,100.00
a15,Browser,b11,0.15,28.57,100.00
a15,Browser,b11,0.15,28.57,100.00
a15,Browser,b11,0.15,28.57,100.00
a15,Browser,b11,0.15,28.57,100.00
a15,Browser,b11,0.15,28.57,100.00
a15,Browser,b11,0.15,28.57,100.00
a15,Browser,b11,0.15,28.57,100.00
a11,Browser,b11,0.15,100.00,100.00
a11,Browser,b11,0.15,100.00,100.00
a11,Browser,b11,0.15,100.00,100.00
a11,Browser,b11,0.15,100.00,100.00
a11,Browser,b11,0.15,100.00,100.00
a11,Browser,b11,0.15,100.00,100.00
a11,Browser,b11,0.15,100.00,100.00
a11,Browser,b11,0.15,100.00,100.00
a11,Browser,b11,0.15,100.00,100.00
a11,Browser,b11,0.15,100.00,100.00
a14,Browser,b11,0.15,100.00,100.00
a14,Browser,b11,0.15,100.00,100.00
a14,Browser,b11,0.15,100.00,100.00
a14,Browser,b11,0.15,100.00,100.00
a14,Browser,b11,0.15,100.00,100.00
a14,Browser,b11,0.15,100.00,100.00
a14,Browser,b11,0.15,100.00,100.00
a14,Browser,b11,0.15,100.00,100.00
a14,Browser,b11,0.15,100.00,100.00
a14,Browser,b11,0.15,100.00,100.00
a13,Browser,b11,0.15,100.00,100.00
a13,Browser,b11,0.15,100.00,100.00
a13,Browser,b11,0.15,100.00,100.00
a13,Browser,b11,0.15,100.00,100.00
a13,Browser,b11,0.15,100.00,100.00
a13,Browser,b11,0.15,100.00,100.00
a13,Browser,b11,0.15,100.00,100.00
a13,Browser,b11,0.15,100.00,100.00
a13,Browser,b11,0.15,100.00,100.00
a13,Browser,b11,0.15,100.00,100.00
a15,Browser,b12,0.30,45.83,66.67
a15,Browser,b12,0.30,26.23,77.78
a15,Browser,b12,0.30,47.37,66.67
a15,Browser,b12,0.30,47.37,66.67
a15,Browser,b12,0.30,47.37,66.67
a15,Browser,b12,0.30,47.37,66.67
a15,Browser,b12,0.30,33.33,66.67
a15,Browser,b12,0.30,22.00,77.78
a15,Browser,b12,0.30,27.08,77.78
a15,Browser,b12,0.30,47.37,66.67
a11,Browser,b12,0.30,33.33,66.67
a11,Browser,b12,0.30,33.33,66.67
a11,Browser,b12,0.30,33.33,66.67
a11,Browser,b12,0.30,33.33,66.67
a11,Browser,b12,0.30,33.33,66.67
a11,Browser,b12,0.30,33.33,66.67
a11,Browser,b12,0.30,33.33,66.67
a11,Browser,b12,0.30,33.33,66.67
a11,Browser,b12,0.30,66.67,66.67
a11,Browser,b12,0.30,33.33,66.67
a14,Browser,b12,0.30,66.67,66.67
a14,Browser,b12,0.30,66.67,66.67
a14,Browser,b12,0.30,66.67,66.67
a14,Browser,b12,0.30,66.67,66.67
a14,Browser,b12,0.30,66.67,66.67
a14,Browser,b12,0.30,66.67,66.67
a14,Browser,b12,0.30,66.67,66.67
a14,Browser,b12,0.30,66.67,66.67
a14,Browser,b12,0.30,66.67,66.67
a14,Browser,b12,0.30,66.67,66.67
a13,Browser,b12,0.30,66.67,50.00
a13,Browser,b12,0.30,66.67,50.00
a13,Browser,b12,0.30,66.67,50.00
a13,Browser,b12,0.30,66.67,50.00
a13,Browser,b12,0.30,66.67,50.00
a13,Browser,b12,0.30,66.67,50.00
a13,Browser,b12,0.30,66.67,50.00
a13,Browser,b12,0.30,66.67,50.00
a13,Browser,b12,0.30,66.67,50.00
a13,Browser,b12,0.30,66.67,50.00
a15,Browser,b12,0.20,21.62,77.78
a15,Browser,b12,0.20,26.92,66.67
a15,Browser,b12,0.20,21.62,77.78
a15,Browser,b12,0.20,21.62,77.78
a15,Browser,b12,0.20,26.92,66.67
a15,Browser,b12,0.20,26.92,66.67
a15,Browser,b12,0.20,26.92,66.67
a15,Browser,b12,0.20,26.92,66.67
a15,Browser,b12,0.20,26.92,66.67
a11,Browser,b12,0.20,50.00,100.00
a11,Browser,b12,0.20,50.00,100.00
a11,Browser,b12,0.20,50.00,100.00
a11,Browser,b12,0.20,50.00,100.00
a11,Browser,b12,0.20,50.00,100.00
a11,Browser,b12,0.20,50.00,100.00
a11,Browser,b12,0.20,50.00,100.00
a11,Browser,b12,0.20,50.00,100.00
a11,Browser,b12,0.20,50.00,100.00
a14,Browser,b12,0.20,50.00,33.33
a14,Browser,b12,0.20,50.00,33.33
a14,Browser,b12,0.20,50.00,33.33
a14,Browser,b12,0.20,50.00,33.33
a14,Browser,b12,0.20,50.00,33.33
a14,Browser,b12,0.20,50.00,33.33
a14,Browser,b12,0.20,14.81,100.00
a14,Browser,b12,0.20,50.00,33.33
a14,Browser,b12,0.20,14.81,100.00
a14,Browser,b12,0.20,50.00,33.33
a13,Browser,b12,0.20,40.00,75.00
a13,Browser,b12,0.20,33.33,75.00
a13,Browser,b12,0.20,33.33,75.00
a13,Browser,b12,0.20,33.33,75.00
a13,Browser,b12,0.20,66.67,50.00
a13,Browser,b12,0.20,40.00,75.00
a13,Browser,b12,0.20,33.33,75.00
a13,Browser,b12,0.20,33.33,75.00
a13,Browser,b12,0.20,33.33,75.00
a13,Browser,b12,0.20,30.00,75.00
a15,Browser,b12,0.25,90.00,77.78
a15,Browser,b12,0.25,90.00,77.78
a15,Browser,b12,0.25,90.00,77.78
a15,Browser,b12,0.25,24.00,88.89
a11,Browser,b12,0.25,33.33,66.67
a11,Browser,b12,0.25,33.33,66.67
a11,Browser,b12,0.25,33.33,66.67
a11,Browser,b12,0.25,33.33,66.67
a14,Browser,b12,0.25,33.33,100.00
a14,Browser,b12,0.25,33.33,100.00
a14,Browser,b12,0.25,33.33,100.00
a14,Browser,b12,0.25,33.33,100.00
a13,Browser,b12,0.25,66.67,50.00
a13,Browser,b12,0.25,66.67,50.00
a13,Browser,b12,0.25,66.67,50.00
a13,Browser,b12,0.25,66.67,50.00
a15,Browser,b12,0.10,50.00,66.67
a15,Browser,b12,0.10,87.50,55.56
a15,Browser,b12,0.10,87.50,55.56
a15,Browser,b12,0.10,29.63,77.78
a15,Browser,b12,0.10,29.63,77.78
a15,Browser,b12,0.10,47.06,66.67
a11,Browser,b12,0.10,50.00,100.00
a11,Browser,b12,0.10,50.00,100.00
a11,Browser,b12,0.10,25.00,100.00
a11,Browser,b12,0.10,50.00,100.00
a11,Browser,b12,0.10,50.00,100.00
a11,Browser,b12,0.10,50.00,100.00
a11,Browser,b12,0.10,50.00,100.00
a14,Browser,b12,0.10,50.00,33.33
a14,Browser,b12,0.10,50.00,33.33
a14,Browser,b12,0.10,50.00,33.33
a14,Browser,b12,0.10,50.00,33.33
a14,Browser,b12,0.10,50.00,33.33
a14,Browser,b12,0.10,50.00,33.33
a13,Browser,b12,0.10,33.33,75.00
a13,Browser,b12,0.10,0,0
a13,Browser,b12,0.10,40.00,75.00
a13,Browser,b12,0.10,33.33,75.00
a13,Browser,b12,0.10,33.33,75.00
a13,Browser,b12,0.10,40.00,75.00
a13,Browser,b12,0.10,30.00,75.00
a15,Browser,b12,0.15,57.14,66.67
a15,Browser,b12,0.15,87.50,55.56
a15,Browser,b12,0.15,87.50,55.56
a15,Browser,b12,0.15,25.00,77.78
a15,Browser,b12,0.15,57.14,66.67
a15,Browser,b12,0.15,57.14,66.67
a15,Browser,b12,0.15,57.14,66.67
a15,Browser,b12,0.15,57.14,66.67
a15,Browser,b12,0.15,30.30,88.89
a15,Browser,b12,0.15,50.00,66.67
a11,Browser,b12,0.15,50.00,33.33
a11,Browser,b12,0.15,50.00,33.33
a11,Browser,b12,0.15,50.00,100.00
a11,Browser,b12,0.15,50.00,100.00
a11,Browser,b12,0.15,50.00,100.00
a11,Browser,b12,0.15,50.00,33.33
a11,Browser,b12,0.15,50.00,33.33
a11,Browser,b12,0.15,50.00,33.33
a11,Browser,b12,0.15,50.00,33.33
a11,Browser,b12,0.15,50.00,33.33
a14,Browser,b12,0.15,50.00,33.33
a14,Browser,b12,0.15,50.00,33.33
a14,Browser,b12,0.15,50.00,33.33
a14,Browser,b12,0.15,50.00,33.33
a14,Browser,b12,0.15,50.00,33.33
a14,Browser,b12,0.15,50.00,33.33
a14,Browser,b12,0.15,50.00,33.33
a14,Browser,b12,0.15,50.00,33.33
a14,Browser,b12,0.15,50.00,33.33
a14,Browser,b12,0.15,50.00,33.33
a13,Browser,b12,0.15,50.00,25.00
a13,Browser,b12,0.15,50.00,25.00
a13,Browser,b12,0.15,50.00,25.00
a13,Browser,b12,0.15,50.00,25.00
a13,Browser,b12,0.15,33.33,75.00
a13,Browser,b12,0.15,50.00,25.00
a13,Browser,b12,0.15,33.33,75.00
a13,Browser,b12,0.15,30.00,75.00
a13,Browser,b12,0.15,50.00,25.00
a13,Browser,b12,0.15,50.00,25.00
a24,To Do List,b21,0.30,100.00,100.00
a24,To Do List,b21,0.30,100.00,100.00
a24,To Do List,b21,0.30,100.00,100.00
a24,To Do List,b21,0.30,100.00,100.00
a24,To Do List,b21,0.30,100.00,100.00
a24,To Do List,b21,0.30,100.00,100.00
a24,To Do List,b21,0.30,100.00,100.00
a24,To Do List,b21,0.30,100.00,100.00
a24,To Do List,b21,0.30,100.00,100.00
a24,To Do List,b21,0.30,100.00,100.00
a23,To Do List,b21,0.30,80.00,100.00
a23,To Do List,b21,0.30,80.00,100.00
a23,To Do List,b21,0.30,80.00,100.00
a23,To Do List,b21,0.30,52.63,100.00
a23,To Do List,b21,0.30,80.00,100.00
a23,To Do List,b21,0.30,80.00,100.00
a23,To Do List,b21,0.30,80.00,100.00
a23,To Do List,b21,0.30,80.00,100.00
a23,To Do List,b21,0.30,80.00,100.00
a23,To Do List,b21,0.30,80.00,100.00
a21,To Do List,b21,0.30,100.00,100.00
a21,To Do List,b21,0.30,100.00,100.00
a21,To Do List,b21,0.30,100.00,100.00
a21,To Do List,b21,0.30,100.00,100.00
a21,To Do List,b21,0.30,100.00,100.00
a21,To Do List,b21,0.30,100.00,100.00
a21,To Do List,b21,0.30,100.00,100.00
a21,To Do List,b21,0.30,100.00,100.00
a21,To Do List,b21,0.30,100.00,100.00
a21,To Do List,b21,0.30,100.00,100.00
a25,To Do List,b21,0.30,100.00,100.00
a25,To Do List,b21,0.30,100.00,100.00
a25,To Do List,b21,0.30,100.00,100.00
a25,To Do List,b21,0.30,100.00,100.00
a25,To Do List,b21,0.30,100.00,100.00
a25,To Do List,b21,0.30,100.00,100.00
a25,To Do List,b21,0.30,100.00,100.00
a25,To Do List,b21,0.30,100.00,100.00
a25,To Do List,b21,0.30,100.00,100.00
a25,To Do List,b21,0.30,100.00,100.00
a22,To Do List,b21,0.30,50.00,100.00
a22,To Do List,b21,0.30,50.00,100.00
a22,To Do List,b21,0.30,50.00,100.00
a22,To Do List,b21,0.30,50.00,100.00
a22,To Do List,b21,0.30,50.00,100.00
a22,To Do List,b21,0.30,50.00,100.00
a22,To Do List,b21,0.30,50.00,100.00
a22,To Do List,b21,0.30,50.00,100.00
a22,To Do List,b21,0.30,50.00,100.00
a22,To Do List,b21,0.30,50.00,100.00
a24,To Do List,b21,0.20,100.00,100.00
a24,To Do List,b21,0.20,100.00,100.00
a24,To Do List,b21,0.20,100.00,100.00
a24,To Do List,b21,0.20,100.00,100.00
a24,To Do List,b21,0.20,100.00,100.00
a24,To Do List,b21,0.20,80.00,100.00
a24,To Do List,b21,0.20,100.00,100.00
a24,To Do List,b21,0.20,100.00,100.00
a24,To Do List,b21,0.20,100.00,100.00
a23,To Do List,b21,0.20,50.00,75.00
a23,To Do List,b21,0.20,80.00,100.00
a23,To Do List,b21,0.20,80.00,100.00
a23,To Do List,b21,0.20,80.00,100.00
a23,To Do List,b21,0.20,80.00,100.00
a23,To Do List,b21,0.20,80.00,100.00
a23,To Do List,b21,0.20,80.00,100.00
a23,To Do List,b21,0.20,80.00,100.00
a23,To Do List,b21,0.20,80.00,100.00
a21,To Do List,b21,0.20,100.00,100.00
a21,To Do List,b21,0.20,100.00,100.00
a21,To Do List,b21,0.20,100.00,100.00
a21,To Do List,b21,0.20,100.00,100.00
a21,To Do List,b21,0.20,100.00,100.00
a21,To Do List,b21,0.20,100.00,100.00
a21,To Do List,b21,0.20,100.00,100.00
a21,To Do List,b21,0.20,100.00,100.00
a21,To Do List,b21,0.20,100.00,100.00
a21,To Do List,b21,0.20,100.00,100.00
a25,To Do List,b21,0.20,75.00,100.00
a25,To Do List,b21,0.20,75.00,100.00
a25,To Do List,b21,0.20,75.00,100.00
a25,To Do List,b21,0.20,75.00,100.00
a25,To Do List,b21,0.20,75.00,100.00
a25,To Do List,b21,0.20,75.00,100.00
a25,To Do List,b21,0.20,75.00,100.00
a25,To Do List,b21,0.20,75.00,100.00
a25,To Do List,b21,0.20,75.00,100.00
a22,To Do List,b21,0.20,100.00,100.00
a22,To Do List,b21,0.20,100.00,100.00
a22,To Do List,b21,0.20,100.00,100.00
a22,To Do List,b21,0.20,100.00,100.00
a22,To Do List,b21,0.20,100.00,100.00
a22,To Do List,b21,0.20,100.00,100.00
a22,To Do List,b21,0.20,100.00,100.00
a22,To Do List,b21,0.20,100.00,100.00
a22,To Do List,b21,0.20,100.00,100.00
a24,To Do List,b21,0.25,100.00,100.00
a24,To Do List,b21,0.25,100.00,100.00
a24,To Do List,b21,0.25,100.00,100.00
a24,To Do List,b21,0.25,100.00,100.00
a24,To Do List,b21,0.25,100.00,100.00
a24,To Do List,b21,0.25,100.00,100.00
a24,To Do List,b21,0.25,100.00,100.00
a24,To Do List,b21,0.25,100.00,100.00
a24,To Do List,b21,0.25,100.00,100.00
a24,To Do List,b21,0.25,100.00,100.00
a23,To Do List,b21,0.25,70.00,100.00
a23,To Do List,b21,0.25,70.00,100.00
a23,To Do List,b21,0.25,70.00,100.00
a23,To Do List,b21,0.25,70.00,100.00
a23,To Do List,b21,0.25,70.00,100.00
a23,To Do List,b21,0.25,70.00,100.00
a23,To Do List,b21,0.25,70.00,100.00
a23,To Do List,b21,0.25,70.00,100.00
a23,To Do List,b21,0.25,47.62,100.00
a23,To Do List,b21,0.25,70.00,100.00
a21,To Do List,b21,0.25,100.00,100.00
a21,To Do List,b21,0.25,100.00,100.00
a21,To Do List,b21,0.25,100.00,100.00
a21,To Do List,b21,0.25,100.00,100.00
a21,To Do List,b21,0.25,100.00,100.00
a21,To Do List,b21,0.25,100.00,100.00
a21,To Do List,b21,0.25,100.00,100.00
a21,To Do List,b21,0.25,100.00,100.00
a21,To Do List,b21,0.25,100.00,100.00
a21,To Do List,b21,0.25,100.00,100.00
a25,To Do List,b21,0.25,100.00,100.00
a25,To Do List,b21,0.25,100.00,100.00
a25,To Do List,b21,0.25,100.00,100.00
a25,To Do List,b21,0.25,100.00,100.00
a25,To Do List,b21,0.25,100.00,100.00
a25,To Do List,b21,0.25,100.00,100.00
a25,To Do List,b21,0.25,100.00,100.00
a25,To Do List,b21,0.25,100.00,100.00
a25,To Do List,b21,0.25,100.00,100.00
a25,To Do List,b21,0.25,100.00,100.00
a22,To Do List,b21,0.25,50.00,100.00
a22,To Do List,b21,0.25,50.00,100.00
a22,To Do List,b21,0.25,50.00,100.00
a22,To Do List,b21,0.25,50.00,100.00
a22,To Do List,b21,0.25,50.00,100.00
a22,To Do List,b21,0.25,50.00,100.00
a22,To Do List,b21,0.25,50.00,100.00
a22,To Do List,b21,0.25,50.00,100.00
a22,To Do List,b21,0.25,50.00,100.00
a22,To Do List,b21,0.25,50.00,100.00
a24,To Do List,b21,0.10,66.67,66.67
a24,To Do List,b21,0.10,66.67,66.67
a24,To Do List,b21,0.10,66.67,66.67
a24,To Do List,b21,0.10,66.67,66.67
a24,To Do List,b21,0.10,66.67,66.67
a24,To Do List,b21,0.10,50.00,66.67
a24,To Do List,b21,0.10,60.00,100.00
a24,To Do List,b21,0.10,50.00,66.67
a24,To Do List,b21,0.10,66.67,66.67
a24,To Do List,b21,0.10,66.67,66.67
a23,To Do List,b21,0.10,80.00,100.00
a23,To Do List,b21,0.10,80.00,100.00
a23,To Do List,b21,0.10,80.00,100.00
a23,To Do List,b21,0.10,80.00,100.00
a23,To Do List,b21,0.10,80.00,100.00
a23,To Do List,b21,0.10,80.00,100.00
a23,To Do List,b21,0.10,66.67,50.00
a23,To Do List,b21,0.10,83.33,100.00
a23,To Do List,b21,0.10,80.00,100.00
a23,To Do List,b21,0.10,80.00,100.00
a23,To Do List,b21,0.10,83.33,100.00
a23,To Do List,b21,0.10,80.00,100.00
a23,To Do List,b21,0.10,80.00,100.00
a23,To Do List,b21,0.10,80.00,100.00
a23,To Do List,b21,0.10,80.00,100.00
a23,To Do List,b21,0.10,80.00,100.00
a23,To Do List,b21,0.10,80.00,100.00
a23,To Do List,b21,0.10,80.00,100.00
a23,To Do List,b21,0.10,80.00,100.00
a23,To Do List,b21,0.10,80.00,100.00
a21,To Do List,b21,0.10,100.00,100.00
a21,To Do List,b21,0.10,100.00,100.00
a21,To Do List,b21,0.10,100.00,100.00
a21,To Do List,b21,0.10,100.00,100.00
a21,To Do List,b21,0.10,100.00,100.00
a21,To Do List,b21,0.10,100.00,100.00
a21,To Do List,b21,0.10,100.00,100.00
a21,To Do List,b21,0.10,100.00,100.00
a21,To Do List,b21,0.10,100.00,100.00
a21,To Do List,b21,0.10,100.00,100.00
a21,To Do List,b21,0.10,100.00,100.00
a21,To Do List,b21,0.10,100.00,100.00
a21,To Do List,b21,0.10,100.00,100.00
a21,To Do List,b21,0.10,100.00,100.00
a21,To Do List,b21,0.10,100.00,100.00
a21,To Do List,b21,0.10,100.00,100.00
a21,To Do List,b21,0.10,100.00,100.00
a21,To Do List,b21,0.10,100.00,100.00
a21,To Do List,b21,0.10,100.00,100.00
a21,To Do List,b21,0.10,100.00,100.00
a25,To Do List,b21,0.10,75.00,100.00
a25,To Do List,b21,0.10,75.00,100.00
a25,To Do List,b21,0.10,75.00,100.00
a25,To Do List,b21,0.10,75.00,100.00
a25,To Do List,b21,0.10,75.00,100.00
a25,To Do List,b21,0.10,75.00,100.00
a25,To Do List,b21,0.10,75.00,100.00
a25,To Do List,b21,0.10,75.00,100.00
a25,To Do List,b21,0.10,75.00,100.00
a25,To Do List,b21,0.10,75.00,100.00
a25,To Do List,b21,0.10,75.00,100.00
a25,To Do List,b21,0.10,75.00,100.00
a25,To Do List,b21,0.10,75.00,100.00
a25,To Do List,b21,0.10,75.00,100.00
a25,To Do List,b21,0.10,75.00,100.00
a25,To Do List,b21,0.10,75.00,100.00
a25,To Do List,b21,0.10,75.00,100.00
a25,To Do List,b21,0.10,75.00,100.00
a25,To Do List,b21,0.10,75.00,100.00
a25,To Do List,b21,0.10,75.00,100.00
a22,To Do List,b21,0.10,75.00,100.00
a22,To Do List,b21,0.10,33.33,100.00
a22,To Do List,b21,0.10,75.00,100.00
a22,To Do List,b21,0.10,33.33,100.00
a22,To Do List,b21,0.10,33.33,100.00
a22,To Do List,b21,0.10,33.33,100.00
a22,To Do List,b21,0.10,75.00,100.00
a22,To Do List,b21,0.10,33.33,100.00
a22,To Do List,b21,0.10,75.00,100.00
a22,To Do List,b21,0.10,33.33,100.00
a22,To Do List,b21,0.10,75.00,100.00
a22,To Do List,b21,0.10,33.33,100.00
a22,To Do List,b21,0.10,33.33,100.00
a22,To Do List,b21,0.10,75.00,100.00
a22,To Do List,b21,0.10,75.00,100.00
a22,To Do List,b21,0.10,33.33,100.00
a22,To Do List,b21,0.10,33.33,100.00
a22,To Do List,b21,0.10,75.00,100.00
a22,To Do List,b21,0.10,75.00,100.00
a22,To Do List,b21,0.10,75.00,100.00
a24,To Do List,b21,0.15,75.00,100.00
a24,To Do List,b21,0.15,100.00,100.00
a24,To Do List,b21,0.15,100.00,100.00
a24,To Do List,b21,0.15,100.00,100.00
a24,To Do List,b21,0.15,100.00,100.00
a23,To Do List,b21,0.15,80.00,100.00
a23,To Do List,b21,0.15,80.00,100.00
a23,To Do List,b21,0.15,80.00,100.00
a23,To Do List,b21,0.15,80.00,100.00
a23,To Do List,b21,0.15,80.00,100.00
a21,To Do List,b21,0.15,100.00,100.00
a21,To Do List,b21,0.15,100.00,100.00
a21,To Do List,b21,0.15,100.00,100.00
a21,To Do List,b21,0.15,100.00,100.00
a21,To Do List,b21,0.15,100.00,100.00
a25,To Do List,b21,0.15,75.00,100.00
a25,To Do List,b21,0.15,75.00,100.00
a25,To Do List,b21,0.15,75.00,100.00
a25,To Do List,b21,0.15,75.00,100.00
a25,To Do List,b21,0.15,75.00,100.00
a22,To Do List,b21,0.15,42.86,100.00
a22,To Do List,b21,0.15,42.86,100.00
a22,To Do List,b21,0.15,42.86,100.00
a22,To Do List,b21,0.15,42.86,100.00
a22,To Do List,b21,0.15,42.86,100.00
a24,To Do List,b22,0.30,36.96,100.00
a24,To Do List,b22,0.30,36.96,100.00
a24,To Do List,b22,0.30,36.96,100.00
a24,To Do List,b22,0.30,36.96,100.00
a24,To Do List,b22,0.30,36.96,100.00
a24,To Do List,b22,0.30,51.61,100.00
a24,To Do List,b22,0.30,36.96,100.00
a24,To Do List,b22,0.30,36.96,100.00
a24,To Do List,b22,0.30,36.96,100.00
a24,To Do List,b22,0.30,36.96,100.00
a23,To Do List,b22,0.30,64.71,100.00
a23,To Do List,b22,0.30,64.71,100.00
a23,To Do List,b22,0.30,80.00,66.67
a23,To Do List,b22,0.30,64.71,100.00
a23,To Do List,b22,0.30,52.63,66.67
a23,To Do List,b22,0.30,64.71,100.00
a23,To Do List,b22,0.30,80.00,66.67
a23,To Do List,b22,0.30,64.71,100.00
a23,To Do List,b22,0.30,64.71,100.00
a23,To Do List,b22,0.30,64.71,100.00
a21,To Do List,b22,0.30,100.00,100.00
a21,To Do List,b22,0.30,100.00,100.00
a21,To Do List,b22,0.30,100.00,100.00
a21,To Do List,b22,0.30,100.00,100.00
a21,To Do List,b22,0.30,100.00,100.00
a21,To Do List,b22,0.30,100.00,100.00
a21,To Do List,b22,0.30,100.00,100.00
a21,To Do List,b22,0.30,100.00,100.00
a21,To Do List,b22,0.30,100.00,100.00
a21,To Do List,b22,0.30,100.00,100.00
a25,To Do List,b22,0.30,100.00,100.00
a25,To Do List,b22,0.30,100.00,100.00
a25,To Do List,b22,0.30,100.00,100.00
a25,To Do List,b22,0.30,100.00,100.00
a25,To Do List,b22,0.30,100.00,100.00
a25,To Do List,b22,0.30,100.00,100.00
a25,To Do List,b22,0.30,100.00,100.00
a25,To Do List,b22,0.30,100.00,100.00
a25,To Do List,b22,0.30,100.00,100.00
a25,To Do List,b22,0.30,100.00,100.00
a22,To Do List,b22,0.30,62.50,100.00
a22,To Do List,b22,0.30,62.50,100.00
a22,To Do List,b22,0.30,62.50,100.00
a22,To Do List,b22,0.30,62.50,100.00
a22,To Do List,b22,0.30,62.50,100.00
a22,To Do List,b22,0.30,62.50,100.00
a22,To Do List,b22,0.30,62.50,100.00
a22,To Do List,b22,0.30,62.50,100.00
a22,To Do List,b22,0.30,62.50,100.00
a22,To Do List,b22,0.30,62.50,100.00
a24,To Do List,b22,0.20,88.89,100.00
a24,To Do List,b22,0.20,88.89,100.00
a24,To Do List,b22,0.20,88.89,100.00
a24,To Do List,b22,0.20,80.00,100.00
a24,To Do List,b22,0.20,88.89,100.00
a24,To Do List,b22,0.20,57.89,66.67
a24,To Do List,b22,0.20,88.89,100.00
a24,To Do List,b22,0.20,88.89,100.00
a24,To Do List,b22,0.20,88.89,100.00
a23,To Do List,b22,0.20,85.71,100.00
a23,To Do List,b22,0.20,50.00,50.00
a23,To Do List,b22,0.20,85.71,100.00
a23,To Do List,b22,0.20,85.71,100.00
a23,To Do List,b22,0.20,85.71,100.00
a23,To Do List,b22,0.20,85.71,100.00
a23,To Do List,b22,0.20,85.71,100.00
a23,To Do List,b22,0.20,85.71,100.00
a23,To Do List,b22,0.20,85.71,100.00
a21,To Do List,b22,0.20,100.00,100.00
a21,To Do List,b22,0.20,100.00,100.00
a21,To Do List,b22,0.20,100.00,100.00
a21,To Do List,b22,0.20,100.00,100.00
a21,To Do List,b22,0.20,100.00,100.00
a21,To Do List,b22,0.20,100.00,100.00
a21,To Do List,b22,0.20,100.00,100.00
a21,To Do List,b22,0.20,100.00,100.00
a21,To Do List,b22,0.20,100.00,100.00
a21,To Do List,b22,0.20,100.00,100.00
a25,To Do List,b22,0.20,65.71,100.00
a25,To Do List,b22,0.20,53.85,100.00
a25,To Do List,b22,0.20,65.71,100.00
a25,To Do List,b22,0.20,65.71,100.00
a25,To Do List,b22,0.20,54.55,100.00
a25,To Do List,b22,0.20,59.62,100.00
a25,To Do List,b22,0.20,45.16,100.00
a25,To Do List,b22,0.20,50.88,100.00
a25,To Do List,b22,0.20,72.73,83.33
a22,To Do List,b22,0.20,83.33,100.00
a22,To Do List,b22,0.20,83.33,100.00
a22,To Do List,b22,0.20,83.33,100.00
a22,To Do List,b22,0.20,83.33,100.00
a22,To Do List,b22,0.20,83.33,100.00
a22,To Do List,b22,0.20,83.33,100.00
a22,To Do List,b22,0.20,83.33,100.00
a22,To Do List,b22,0.20,83.33,100.00
a22,To Do List,b22,0.20,83.33,100.00
a24,To Do List,b22,0.25,40.00,66.67
a24,To Do List,b22,0.25,40.00,66.67
a24,To Do List,b22,0.25,40.00,66.67
a24,To Do List,b22,0.25,40.00,66.67
a24,To Do List,b22,0.25,40.00,66.67
a24,To Do List,b22,0.25,40.00,66.67
a24,To Do List,b22,0.25,40.00,66.67
a24,To Do List,b22,0.25,40.00,66.67
a24,To Do List,b22,0.25,46.67,66.67
a24,To Do List,b22,0.25,40.00,66.67
a23,To Do List,b22,0.25,70.00,66.67
a23,To Do List,b22,0.25,36.00,83.33
a23,To Do List,b22,0.25,36.00,83.33
a23,To Do List,b22,0.25,36.00,83.33
a23,To Do List,b22,0.25,36.00,83.33
a23,To Do List,b22,0.25,61.54,83.33
a23,To Do List,b22,0.25,61.54,83.33
a23,To Do List,b22,0.25,36.00,83.33
a23,To Do List,b22,0.25,47.62,66.67
a23,To Do List,b22,0.25,61.54,83.33
a21,To Do List,b22,0.25,100.00,100.00
a21,To Do List,b22,0.25,100.00,100.00
a21,To Do List,b22,0.25,100.00,100.00
a21,To Do List,b22,0.25,100.00,100.00
a21,To Do List,b22,0.25,100.00,100.00
a21,To Do List,b22,0.25,100.00,100.00
a21,To Do List,b22,0.25,100.00,100.00
a21,To Do List,b22,0.25,100.00,100.00
a21,To Do List,b22,0.25,100.00,100.00
a21,To Do List,b22,0.25,100.00,100.00
a25,To Do List,b22,0.25,100.00,100.00
a25,To Do List,b22,0.25,100.00,100.00
a25,To Do List,b22,0.25,100.00,100.00
a25,To Do List,b22,0.25,100.00,100.00
a25,To Do List,b22,0.25,100.00,100.00
a25,To Do List,b22,0.25,100.00,100.00
a25,To Do List,b22,0.25,100.00,100.00
a25,To Do List,b22,0.25,100.00,100.00
a25,To Do List,b22,0.25,100.00,100.00
a25,To Do List,b22,0.25,100.00,100.00
a22,To Do List,b22,0.25,62.50,100.00
a22,To Do List,b22,0.25,62.50,100.00
a22,To Do List,b22,0.25,62.50,100.00
a22,To Do List,b22,0.25,62.50,100.00
a22,To Do List,b22,0.25,62.50,100.00
a22,To Do List,b22,0.25,62.50,100.00
a22,To Do List,b22,0.25,62.50,100.00
a22,To Do List,b22,0.25,62.50,100.00
a22,To Do List,b22,0.25,62.50,100.00
a22,To Do List,b22,0.25,62.50,100.00
a24,To Do List,b22,0.10,83.33,83.33
a24,To Do List,b22,0.10,83.33,83.33
a24,To Do List,b22,0.10,83.33,83.33
a24,To Do List,b22,0.10,83.33,83.33
a24,To Do List,b22,0.10,83.33,83.33
a24,To Do List,b22,0.10,62.50,83.33
a24,To Do List,b22,0.10,75.00,100.00
a24,To Do List,b22,0.10,71.43,83.33
a24,To Do List,b22,0.10,83.33,83.33
a24,To Do List,b22,0.10,83.33,83.33
a23,To Do List,b22,0.10,85.71,100.00
a23,To Do List,b22,0.10,85.71,100.00
a23,To Do List,b22,0.10,85.71,100.00
a23,To Do List,b22,0.10,85.71,100.00
a23,To Do List,b22,0.10,85.71,100.00
a23,To Do List,b22,0.10,85.71,100.00
a23,To Do List,b22,0.10,66.67,33.33
a23,To Do List,b22,0.10,81.82,100.00
a23,To Do List,b22,0.10,85.71,100.00
a23,To Do List,b22,0.10,85.71,100.00
a23,To Do List,b22,0.10,87.50,100.00
a23,To Do List,b22,0.10,85.71,100.00
a23,To Do List,b22,0.10,85.71,100.00
a23,To Do List,b22,0.10,85.71,100.00
a23,To Do List,b22,0.10,85.71,100.00
a23,To Do List,b22,0.10,85.71,100.00
a23,To Do List,b22,0.10,85.71,100.00
a23,To Do List,b22,0.10,85.71,100.00
a23,To Do List,b22,0.10,85.71,100.00
a23,To Do List,b22,0.10,85.71,100.00
a21,To Do List,b22,0.10,100.00,100.00
a21,To Do List,b22,0.10,100.00,100.00
a21,To Do List,b22,0.10,100.00,100.00
a21,To Do List,b22,0.10,100.00,100.00
a21,To Do List,b22,0.10,100.00,100.00
a21,To Do List,b22,0.10,100.00,100.00
a21,To Do List,b22,0.10,100.00,100.00
a21,To Do List,b22,0.10,100.00,100.00
a21,To Do List,b22,0.10,100.00,100.00
a21,To Do List,b22,0.10,100.00,100.00
a21,To Do List,b22,0.10,100.00,100.00
a21,To Do List,b22,0.10,100.00,100.00
a21,To Do List,b22,0.10,100.00,100.00
a21,To Do List,b22,0.10,100.00,100.00
a21,To Do List,b22,0.10,100.00,100.00
a21,To Do List,b22,0.10,100.00,100.00
a21,To Do List,b22,0.10,100.00,100.00
a21,To Do List,b22,0.10,100.00,100.00
a21,To Do List,b22,0.10,100.00,100.00
a21,To Do List,b22,0.10,100.00,100.00
a25,To Do List,b22,0.10,44.64,100.00
a25,To Do List,b22,0.10,55.88,100.00
a25,To Do List,b22,0.10,57.14,100.00
a25,To Do List,b22,0.10,57.14,100.00
a25,To Do List,b22,0.10,57.14,100.00
a25,To Do List,b22,0.10,55.88,100.00
a25,To Do List,b22,0.10,47.06,100.00
a25,To Do List,b22,0.10,57.14,100.00
a25,To Do List,b22,0.10,55.88,100.00
a25,To Do List,b22,0.10,57.14,100.00
a25,To Do List,b22,0.10,63.64,100.00
a25,To Do List,b22,0.10,45.16,100.00
a25,To Do List,b22,0.10,57.14,100.00
a25,To Do List,b22,0.10,50.91,100.00
a25,To Do List,b22,0.10,72.73,83.33
a25,To Do List,b22,0.10,55.88,100.00
a25,To Do List,b22,0.10,52.94,100.00
a25,To Do List,b22,0.10,72.73,83.33
a25,To Do List,b22,0.10,57.14,100.00
a25,To Do List,b22,0.10,68.00,100.00
a22,To Do List,b22,0.10,40.00,80.00
a22,To Do List,b22,0.10,71.43,100.00
a22,To Do List,b22,0.10,40.00,80.00
a22,To Do List,b22,0.10,71.43,100.00
a22,To Do List,b22,0.10,16.92,100.00
a22,To Do List,b22,0.10,40.00,80.00
a22,To Do List,b22,0.10,71.43,100.00
a22,To Do List,b22,0.10,40.00,80.00
a22,To Do List,b22,0.10,71.43,100.00
a22,To Do List,b22,0.10,40.00,80.00
a22,To Do List,b22,0.10,71.43,100.00
a22,To Do List,b22,0.10,40.00,80.00
a22,To Do List,b22,0.10,40.00,80.00
a22,To Do List,b22,0.10,71.43,100.00
a22,To Do List,b22,0.10,71.43,100.00
a22,To Do List,b22,0.10,40.00,80.00
a22,To Do List,b22,0.10,40.00,80.00
a22,To Do List,b22,0.10,71.43,100.00
a22,To Do List,b22,0.10,71.43,100.00
a22,To Do List,b22,0.10,71.43,100.00
a24,To Do List,b22,0.15,100.00,100.00
a24,To Do List,b22,0.15,85.71,100.00
a24,To Do List,b22,0.15,85.71,100.00
a24,To Do List,b22,0.15,85.71,100.00
a24,To Do List,b22,0.15,100.00,100.00
a23,To Do List,b22,0.15,85.71,100.00
a23,To Do List,b22,0.15,85.71,100.00
a23,To Do List,b22,0.15,85.71,100.00
a23,To Do List,b22,0.15,85.71,100.00
a23,To Do List,b22,0.15,85.71,100.00
a21,To Do List,b22,0.15,100.00,100.00
a21,To Do List,b22,0.15,100.00,100.00
a21,To Do List,b22,0.15,100.00,100.00
a21,To Do List,b22,0.15,100.00,100.00
a21,To Do List,b22,0.15,100.00,100.00
a25,To Do List,b22,0.15,63.64,100.00
a25,To Do List,b22,0.15,72.73,83.33
a25,To Do List,b22,0.15,48.15,100.00
a25,To Do List,b22,0.15,41.54,100.00
a25,To Do List,b22,0.15,36.78,100.00
a22,To Do List,b22,0.15,55.56,100.00
a22,To Do List,b22,0.15,55.56,100.00
a22,To Do List,b22,0.15,55.56,100.00
a22,To Do List,b22,0.15,55.56,100.00
a22,To Do List,b22,0.15,55.56,100.00
a32,Shopping,b31,0.30,85.71,83.33
a32,Shopping,b31,0.30,27.27,100.00
a32,Shopping,b31,0.30,83.33,83.33
a32,Shopping,b31,0.30,100.00,83.33
a32,Shopping,b31,0.30,85.71,83.33
a32,Shopping,b31,0.30,100.00,83.33
a32,Shopping,b31,0.30,70.00,100.00
a32,Shopping,b31,0.30,85.71,83.33
a32,Shopping,b31,0.30,85.71,83.33
a32,Shopping,b31,0.30,100.00,83.33
a33,Shopping,b31,0.30,81.82,87.50
a33,Shopping,b31,0.30,81.82,87.50
a33,Shopping,b31,0.30,81.82,87.50
a33,Shopping,b31,0.30,81.82,87.50
a33,Shopping,b31,0.30,81.82,87.50
a33,Shopping,b31,0.30,81.82,87.50
a33,Shopping,b31,0.30,81.82,87.50
a33,Shopping,b31,0.30,81.82,87.50
a33,Shopping,b31,0.30,81.82,87.50
a33,Shopping,b31,0.30,81.82,87.50
a31,Shopping,b31,0.30,100.00,100.00
a31,Shopping,b31,0.30,100.00,100.00
a31,Shopping,b31,0.30,100.00,100.00
a31,Shopping,b31,0.30,100.00,100.00
a31,Shopping,b31,0.30,100.00,100.00
a31,Shopping,b31,0.30,100.00,100.00
a31,Shopping,b31,0.30,100.00,100.00
a31,Shopping,b31,0.30,100.00,100.00
a31,Shopping,b31,0.30,100.00,100.00
a31,Shopping,b31,0.30,100.00,100.00
a34,Shopping,b31,0.30,31.25,87.50
a34,Shopping,b31,0.30,100.00,37.50
a34,Shopping,b31,0.30,100.00,37.50
a34,Shopping,b31,0.30,38.10,75.00
a34,Shopping,b31,0.30,34.78,75.00
a34,Shopping,b31,0.30,25.00,75.00
a34,Shopping,b31,0.30,21.95,75.00
a34,Shopping,b31,0.30,38.10,75.00
a34,Shopping,b31,0.30,100.00,37.50
a34,Shopping,b31,0.30,100.00,37.50
a35,Shopping,b31,0.30,63.27,93.33
a35,Shopping,b31,0.30,41.57,86.67
a35,Shopping,b31,0.30,63.27,93.33
a35,Shopping,b31,0.30,63.27,93.33
a35,Shopping,b31,0.30,69.05,100.00
a35,Shopping,b31,0.30,63.27,93.33
a35,Shopping,b31,0.30,63.27,93.33
a35,Shopping,b31,0.30,60.29,93.33
a35,Shopping,b31,0.30,100.00,73.33
a35,Shopping,b31,0.30,63.27,93.33
a32,Shopping,b31,0.20,100.00,100.00
a32,Shopping,b31,0.20,77.78,100.00
a32,Shopping,b31,0.20,77.78,100.00
a32,Shopping,b31,0.20,100.00,100.00
a32,Shopping,b31,0.20,85.71,100.00
a32,Shopping,b31,0.20,77.78,100.00
a32,Shopping,b31,0.20,100.00,100.00
a32,Shopping,b31,0.20,77.78,100.00
a32,Shopping,b31,0.20,83.33,83.33
a32,Shopping,b31,0.20,77.78,100.00
a33,Shopping,b31,0.20,81.82,87.50
a33,Shopping,b31,0.20,81.82,87.50
a33,Shopping,b31,0.20,81.82,87.50
a33,Shopping,b31,0.20,81.82,87.50
a33,Shopping,b31,0.20,81.82,87.50
a33,Shopping,b31,0.20,81.82,87.50
a33,Shopping,b31,0.20,81.82,87.50
a33,Shopping,b31,0.20,81.82,87.50
a33,Shopping,b31,0.20,81.82,87.50
a33,Shopping,b31,0.20,81.82,87.50
a31,Shopping,b31,0.20,100.00,100.00
a31,Shopping,b31,0.20,100.00,100.00
a31,Shopping,b31,0.20,100.00,100.00
a31,Shopping,b31,0.20,100.00,100.00
a31,Shopping,b31,0.20,100.00,100.00
a31,Shopping,b31,0.20,100.00,100.00
a31,Shopping,b31,0.20,100.00,100.00
a31,Shopping,b31,0.20,100.00,100.00
a31,Shopping,b31,0.20,100.00,100.00
a31,Shopping,b31,0.20,100.00,100.00
a34,Shopping,b31,0.20,45.00,87.50
a34,Shopping,b31,0.20,45.00,87.50
a34,Shopping,b31,0.20,45.00,87.50
a34,Shopping,b31,0.20,45.00,87.50
a34,Shopping,b31,0.20,45.00,87.50
a34,Shopping,b31,0.20,23.19,87.50
a34,Shopping,b31,0.20,45.00,87.50
a34,Shopping,b31,0.20,45.00,87.50
a34,Shopping,b31,0.20,45.00,87.50
a34,Shopping,b31,0.20,45.00,87.50
a35,Shopping,b31,0.20,71.88,86.67
a35,Shopping,b31,0.20,71.88,86.67
a35,Shopping,b31,0.20,50.00,100.00
a35,Shopping,b31,0.20,71.88,86.67
a35,Shopping,b31,0.20,71.88,86.67
a35,Shopping,b31,0.20,71.88,86.67
a35,Shopping,b31,0.20,71.88,86.67
a35,Shopping,b31,0.20,71.88,86.67
a35,Shopping,b31,0.20,71.88,86.67
a35,Shopping,b31,0.20,71.88,86.67
a32,Shopping,b31,0.25,80.00,50.00
a32,Shopping,b31,0.25,50.00,16.67
a32,Shopping,b31,0.25,77.78,100.00
a32,Shopping,b31,0.25,77.78,100.00
a32,Shopping,b31,0.25,66.67,33.33
a32,Shopping,b31,0.25,77.78,100.00
a32,Shopping,b31,0.25,25.93,100.00
a32,Shopping,b31,0.25,77.78,100.00
a33,Shopping,b31,0.25,33.33,87.50
a33,Shopping,b31,0.25,33.33,75.00
a33,Shopping,b31,0.25,33.33,75.00
a33,Shopping,b31,0.25,25.58,87.50
a33,Shopping,b31,0.25,33.33,75.00
a33,Shopping,b31,0.25,33.33,75.00
a33,Shopping,b31,0.25,33.33,75.00
a33,Shopping,b31,0.25,33.33,75.00
a33,Shopping,b31,0.25,33.33,75.00
a33,Shopping,b31,0.25,25.58,87.50
a31,Shopping,b31,0.25,100.00,100.00
a31,Shopping,b31,0.25,100.00,100.00
a31,Shopping,b31,0.25,100.00,100.00
a31,Shopping,b31,0.25,100.00,100.00
a31,Shopping,b31,0.25,100.00,100.00
a31,Shopping,b31,0.25,100.00,100.00
a31,Shopping,b31,0.25,100.00,100.00
a31,Shopping,b31,0.25,100.00,100.00
a31,Shopping,b31,0.25,100.00,100.00
a31,Shopping,b31,0.25,100.00,100.00
a34,Shopping,b31,0.25,75.00,37.50
a34,Shopping,b31,0.25,75.00,37.50
a34,Shopping,b31,0.25,75.00,37.50
a34,Shopping,b31,0.25,75.00,37.50
a34,Shopping,b31,0.25,75.00,37.50
a34,Shopping,b31,0.25,75.00,37.50
a34,Shopping,b31,0.25,75.00,37.50
a34,Shopping,b31,0.25,75.00,37.50
a34,Shopping,b31,0.25,75.00,37.50
a34,Shopping,b31,0.25,75.00,37.50
a35,Shopping,b31,0.25,67.57,86.67
a35,Shopping,b31,0.25,67.57,86.67
a35,Shopping,b31,0.25,67.57,86.67
a35,Shopping,b31,0.25,67.57,86.67
a35,Shopping,b31,0.25,67.57,86.67
a35,Shopping,b31,0.25,67.57,86.67
a35,Shopping,b31,0.25,67.57,86.67
a35,Shopping,b31,0.25,67.57,86.67
a35,Shopping,b31,0.25,67.57,86.67
a35,Shopping,b31,0.25,67.57,86.67
a32,Shopping,b31,0.10,36.84,100.00
a32,Shopping,b31,0.10,36.84,100.00
a32,Shopping,b31,0.10,44.44,66.67
a32,Shopping,b31,0.10,36.84,100.00
a32,Shopping,b31,0.10,50.00,66.67
a32,Shopping,b31,0.10,36.84,100.00
a32,Shopping,b31,0.10,0,0
a32,Shopping,b31,0.10,50.00,66.67
a32,Shopping,b31,0.10,35.00,100.00
a32,Shopping,b31,0.10,36.84,100.00
a33,Shopping,b31,0.10,19.40,75.00
a33,Shopping,b31,0.10,16.67,12.50
a33,Shopping,b31,0.10,19.40,75.00
a33,Shopping,b31,0.10,19.40,75.00
a33,Shopping,b31,0.10,19.40,75.00
a33,Shopping,b31,0.10,19.40,75.00
a33,Shopping,b31,0.10,19.40,75.00
a33,Shopping,b31,0.10,19.40,75.00
a33,Shopping,b31,0.10,19.12,75.00
a33,Shopping,b31,0.10,16.67,12.50
a31,Shopping,b31,0.10,100.00,100.00
a31,Shopping,b31,0.10,100.00,100.00
a31,Shopping,b31,0.10,100.00,100.00
a31,Shopping,b31,0.10,100.00,100.00
a31,Shopping,b31,0.10,100.00,100.00
a31,Shopping,b31,0.10,100.00,100.00
a31,Shopping,b31,0.10,100.00,100.00
a31,Shopping,b31,0.10,100.00,100.00
a31,Shopping,b31,0.10,100.00,100.00
a31,Shopping,b31,0.10,100.00,100.00
a34,Shopping,b31,0.10,8.11,37.50
a34,Shopping,b31,0.10,3.28,25.00
a34,Shopping,b31,0.10,8.11,37.50
a34,Shopping,b31,0.10,7.27,37.50
a34,Shopping,b31,0.10,7.50,37.50
a34,Shopping,b31,0.10,8.51,37.50
a34,Shopping,b31,0.10,16.13,75.00
a34,Shopping,b31,0.10,9.30,37.50
a34,Shopping,b31,0.10,8.33,37.50
a34,Shopping,b31,0.10,8.33,37.50
a35,Shopping,b31,0.10,72.73,66.67
a35,Shopping,b31,0.10,72.73,66.67
a35,Shopping,b31,0.10,72.73,66.67
a35,Shopping,b31,0.10,72.73,66.67
a35,Shopping,b31,0.10,91.67,73.33
a35,Shopping,b31,0.10,55.41,100.00
a35,Shopping,b31,0.10,72.73,66.67
a35,Shopping,b31,0.10,72.73,66.67
a35,Shopping,b31,0.10,72.73,66.67
a35,Shopping,b31,0.10,72.73,66.67
a32,Shopping,b31,0.15,58.33,100.00
a32,Shopping,b31,0.15,85.71,83.33
a32,Shopping,b31,0.15,35.00,100.00
a32,Shopping,b31,0.15,53.33,100.00
a32,Shopping,b31,0.15,36.36,100.00
a32,Shopping,b31,0.15,63.64,100.00
a32,Shopping,b31,0.15,70.00,100.00
a32,Shopping,b31,0.15,42.86,100.00
a32,Shopping,b31,0.15,38.89,100.00
a32,Shopping,b31,0.15,58.33,100.00
a33,Shopping,b31,0.15,42.86,75.00
a33,Shopping,b31,0.15,42.86,75.00
a33,Shopping,b31,0.15,42.86,75.00
a33,Shopping,b31,0.15,42.86,75.00
a33,Shopping,b31,0.15,42.86,75.00
a33,Shopping,b31,0.15,42.86,75.00
a33,Shopping,b31,0.15,42.86,75.00
a33,Shopping,b31,0.15,25.00,75.00
a33,Shopping,b31,0.15,42.86,75.00
a33,Shopping,b31,0.15,42.86,75.00
a31,Shopping,b31,0.15,100.00,100.00
a31,Shopping,b31,0.15,100.00,100.00
a31,Shopping,b31,0.15,100.00,100.00
a31,Shopping,b31,0.15,100.00,100.00
a31,Shopping,b31,0.15,100.00,14.29
a31,Shopping,b31,0.15,100.00,100.00
a31,Shopping,b31,0.15,100.00,100.00
a31,Shopping,b31,0.15,100.00,100.00
a31,Shopping,b31,0.15,100.00,100.00
a31,Shopping,b31,0.15,100.00,100.00
a34,Shopping,b31,0.15,75.00,37.50
a34,Shopping,b31,0.15,20.63,87.50
a34,Shopping,b31,0.15,75.00,37.50
a34,Shopping,b31,0.15,75.00,37.50
a34,Shopping,b31,0.15,75.00,37.50
a34,Shopping,b31,0.15,75.00,37.50
a34,Shopping,b31,0.15,75.00,37.50
a34,Shopping,b31,0.15,75.00,37.50
a34,Shopping,b31,0.15,75.00,37.50
a34,Shopping,b31,0.15,75.00,37.50
a35,Shopping,b31,0.15,61.11,46.67
a35,Shopping,b31,0.15,29.27,80.00
a35,Shopping,b31,0.15,72.22,86.67
a35,Shopping,b31,0.15,100.00,20.00
a35,Shopping,b31,0.15,72.22,86.67
a35,Shopping,b31,0.15,62.86,46.67
a35,Shopping,b31,0.15,66.67,86.67
a35,Shopping,b31,0.15,72.22,86.67
a35,Shopping,b31,0.15,91.67,73.33
a35,Shopping,b31,0.15,72.22,86.67
a32,Shopping,b32,0.30,57.14,100.00
a32,Shopping,b32,0.30,100.00,100.00
a32,Shopping,b32,0.30,100.00,100.00
a32,Shopping,b32,0.30,100.00,100.00
a32,Shopping,b32,0.30,100.00,100.00
a32,Shopping,b32,0.30,100.00,100.00
a32,Shopping,b32,0.30,100.00,100.00
a32,Shopping,b32,0.30,100.00,100.00
a32,Shopping,b32,0.30,100.00,100.00
a32,Shopping,b32,0.30,100.00,100.00
a33,Shopping,b32,0.30,100.00,100.00
a33,Shopping,b32,0.30,100.00,100.00
a33,Shopping,b32,0.30,100.00,100.00
a33,Shopping,b32,0.30,100.00,100.00
a33,Shopping,b32,0.30,100.00,100.00
a33,Shopping,b32,0.30,100.00,100.00
a33,Shopping,b32,0.30,100.00,100.00
a33,Shopping,b32,0.30,100.00,100.00
a33,Shopping,b32,0.30,100.00,100.00
a33,Shopping,b32,0.30,100.00,100.00
a31,Shopping,b32,0.30,100.00,100.00
a31,Shopping,b32,0.30,100.00,100.00
a31,Shopping,b32,0.30,80.00,100.00
a31,Shopping,b32,0.30,100.00,100.00
a31,Shopping,b32,0.30,100.00,100.00
a31,Shopping,b32,0.30,100.00,100.00
a31,Shopping,b32,0.30,80.00,100.00
a31,Shopping,b32,0.30,100.00,100.00
a31,Shopping,b32,0.30,100.00,100.00
a31,Shopping,b32,0.30,100.00,100.00
a34,Shopping,b32,0.30,100.00,80.00
a34,Shopping,b32,0.30,100.00,80.00
a34,Shopping,b32,0.30,100.00,80.00
a34,Shopping,b32,0.30,100.00,80.00
a34,Shopping,b32,0.30,100.00,80.00
a34,Shopping,b32,0.30,100.00,80.00
a34,Shopping,b32,0.30,100.00,80.00
a34,Shopping,b32,0.30,100.00,80.00
a34,Shopping,b32,0.30,100.00,80.00
a34,Shopping,b32,0.30,100.00,80.00
a35,Shopping,b32,0.30,100.00,83.33
a35,Shopping,b32,0.30,100.00,83.33
a35,Shopping,b32,0.30,100.00,83.33
a35,Shopping,b32,0.30,100.00,83.33
a35,Shopping,b32,0.30,100.00,83.33
a35,Shopping,b32,0.30,100.00,83.33
a35,Shopping,b32,0.30,100.00,83.33
a35,Shopping,b32,0.30,100.00,83.33
a35,Shopping,b32,0.30,100.00,83.33
a35,Shopping,b32,0.30,100.00,83.33
a32,Shopping,b32,0.20,25.00,33.33
a32,Shopping,b32,0.20,75.00,100.00
a32,Shopping,b32,0.20,100.00,100.00
a32,Shopping,b32,0.20,100.00,100.00
a32,Shopping,b32,0.20,100.00,100.00
a32,Shopping,b32,0.20,100.00,100.00
a32,Shopping,b32,0.20,100.00,100.00
a32,Shopping,b32,0.20,75.00,100.00
a32,Shopping,b32,0.20,100.00,100.00
a32,Shopping,b32,0.20,100.00,100.00
a33,Shopping,b32,0.20,83.33,100.00
a33,Shopping,b32,0.20,83.33,100.00
a33,Shopping,b32,0.20,83.33,100.00
a33,Shopping,b32,0.20,83.33,100.00
a33,Shopping,b32,0.20,83.33,100.00
a33,Shopping,b32,0.20,83.33,100.00
a33,Shopping,b32,0.20,83.33,100.00
a33,Shopping,b32,0.20,83.33,100.00
a33,Shopping,b32,0.20,71.43,100.00
a33,Shopping,b32,0.20,83.33,100.00
a31,Shopping,b32,0.20,100.00,100.00
a31,Shopping,b32,0.20,100.00,25.00
a31,Shopping,b32,0.20,100.00,100.00
a31,Shopping,b32,0.20,100.00,100.00
a31,Shopping,b32,0.20,80.00,100.00
a31,Shopping,b32,0.20,100.00,100.00
a31,Shopping,b32,0.20,100.00,100.00
a31,Shopping,b32,0.20,100.00,100.00
a31,Shopping,b32,0.20,100.00,100.00
a31,Shopping,b32,0.20,100.00,100.00
a34,Shopping,b32,0.20,83.33,100.00
a34,Shopping,b32,0.20,83.33,100.00
a34,Shopping,b32,0.20,83.33,100.00
a34,Shopping,b32,0.20,83.33,100.00
a34,Shopping,b32,0.20,83.33,100.00
a34,Shopping,b32,0.20,83.33,100.00
a34,Shopping,b32,0.20,83.33,100.00
a34,Shopping,b32,0.20,83.33,100.00
a34,Shopping,b32,0.20,83.33,100.00
a34,Shopping,b32,0.20,83.33,100.00
a35,Shopping,b32,0.20,83.33,83.33
a35,Shopping,b32,0.20,47.06,100.00
a35,Shopping,b32,0.20,83.33,83.33
a35,Shopping,b32,0.20,83.33,83.33
a35,Shopping,b32,0.20,83.33,83.33
a35,Shopping,b32,0.20,83.33,83.33
a35,Shopping,b32,0.20,47.06,100.00
a35,Shopping,b32,0.20,47.06,100.00
a35,Shopping,b32,0.20,47.06,100.00
a35,Shopping,b32,0.20,47.06,100.00
a32,Shopping,b32,0.25,75.00,100.00
a32,Shopping,b32,0.25,100.00,100.00
a32,Shopping,b32,0.25,75.00,100.00
a32,Shopping,b32,0.25,37.50,66.67
a32,Shopping,b32,0.25,100.00,100.00
a32,Shopping,b32,0.25,100.00,100.00
a32,Shopping,b32,0.25,44.44,100.00
a32,Shopping,b32,0.25,100.00,100.00
a32,Shopping,b32,0.25,100.00,100.00
a32,Shopping,b32,0.25,100.00,100.00
a33,Shopping,b32,0.25,8.33,20.00
a33,Shopping,b32,0.25,35.71,100.00
a33,Shopping,b32,0.25,14.04,80.00
a33,Shopping,b32,0.25,8.33,20.00
a33,Shopping,b32,0.25,8.33,20.00
a33,Shopping,b32,0.25,8.33,20.00
a33,Shopping,b32,0.25,8.33,20.00
a33,Shopping,b32,0.25,8.33,20.00
a33,Shopping,b32,0.25,14.29,20.00
a33,Shopping,b32,0.25,8.33,20.00
a31,Shopping,b32,0.25,100.00,100.00
a31,Shopping,b32,0.25,100.00,100.00
a31,Shopping,b32,0.25,100.00,100.00
a31,Shopping,b32,0.25,100.00,100.00
a31,Shopping,b32,0.25,100.00,100.00
a31,Shopping,b32,0.25,100.00,100.00
a31,Shopping,b32,0.25,80.00,100.00
a31,Shopping,b32,0.25,100.00,100.00
a31,Shopping,b32,0.25,100.00,100.00
a31,Shopping,b32,0.25,100.00,100.00
a34,Shopping,b32,0.25,100.00,80.00
a34,Shopping,b32,0.25,100.00,80.00
a34,Shopping,b32,0.25,100.00,80.00
a34,Shopping,b32,0.25,100.00,80.00
a34,Shopping,b32,0.25,100.00,80.00
a34,Shopping,b32,0.25,100.00,80.00
a34,Shopping,b32,0.25,100.00,80.00
a34,Shopping,b32,0.25,100.00,80.00
a34,Shopping,b32,0.25,100.00,80.00
a34,Shopping,b32,0.25,100.00,80.00
a35,Shopping,b32,0.25,83.33,83.33
a35,Shopping,b32,0.25,83.33,83.33
a35,Shopping,b32,0.25,83.33,83.33
a35,Shopping,b32,0.25,83.33,83.33
a35,Shopping,b32,0.25,83.33,83.33
a35,Shopping,b32,0.25,83.33,83.33
a35,Shopping,b32,0.25,83.33,83.33
a35,Shopping,b32,0.25,83.33,83.33
a35,Shopping,b32,0.25,83.33,83.33
a35,Shopping,b32,0.25,83.33,83.33
a32,Shopping,b32,0.10,26.92,100.00
a32,Shopping,b32,0.10,100.00,100.00
a32,Shopping,b32,0.10,60.00,100.00
a32,Shopping,b32,0.10,60.00,100.00
a32,Shopping,b32,0.10,60.00,100.00
a32,Shopping,b32,0.10,60.00,100.00
a32,Shopping,b32,0.10,100.00,100.00
a32,Shopping,b32,0.10,37.50,66.67
a32,Shopping,b32,0.10,100.00,100.00
a32,Shopping,b32,0.10,75.00,100.00
a33,Shopping,b32,0.10,83.33,100.00
a33,Shopping,b32,0.10,83.33,100.00
a33,Shopping,b32,0.10,83.33,100.00
a33,Shopping,b32,0.10,71.43,100.00
a33,Shopping,b32,0.10,83.33,100.00
a33,Shopping,b32,0.10,83.33,100.00
a33,Shopping,b32,0.10,83.33,100.00
a33,Shopping,b32,0.10,83.33,100.00
a33,Shopping,b32,0.10,83.33,100.00
a33,Shopping,b32,0.10,83.33,100.00
a31,Shopping,b32,0.10,100.00,100.00
a31,Shopping,b32,0.10,100.00,100.00
a31,Shopping,b32,0.10,100.00,100.00
a31,Shopping,b32,0.10,100.00,100.00
a31,Shopping,b32,0.10,100.00,100.00
a31,Shopping,b32,0.10,100.00,100.00
a31,Shopping,b32,0.10,100.00,100.00
a31,Shopping,b32,0.10,80.00,100.00
a31,Shopping,b32,0.10,50.00,75.00
a31,Shopping,b32,0.10,100.00,100.00
a34,Shopping,b32,0.10,83.33,100.00
a34,Shopping,b32,0.10,83.33,100.00
a34,Shopping,b32,0.10,83.33,100.00
a34,Shopping,b32,0.10,25.00,60.00
a34,Shopping,b32,0.10,83.33,100.00
a34,Shopping,b32,0.10,83.33,100.00
a34,Shopping,b32,0.10,83.33,100.00
a34,Shopping,b32,0.10,83.33,100.00
a34,Shopping,b32,0.10,83.33,100.00
a34,Shopping,b32,0.10,83.33,100.00
a35,Shopping,b32,0.10,100.00,83.33
a35,Shopping,b32,0.10,100.00,83.33
a35,Shopping,b32,0.10,100.00,83.33
a35,Shopping,b32,0.10,100.00,83.33
a35,Shopping,b32,0.10,100.00,83.33
a35,Shopping,b32,0.10,100.00,83.33
a35,Shopping,b32,0.10,100.00,83.33
a35,Shopping,b32,0.10,100.00,83.33
a35,Shopping,b32,0.10,100.00,83.33
a35,Shopping,b32,0.10,100.00,83.33
a32,Shopping,b32,0.15,37.50,66.67
a32,Shopping,b32,0.15,100.00,100.00
a32,Shopping,b32,0.15,100.00,100.00
a32,Shopping,b32,0.15,100.00,100.00
a32,Shopping,b32,0.15,100.00,100.00
a32,Shopping,b32,0.15,100.00,100.00
a32,Shopping,b32,0.15,33.33,33.33
a32,Shopping,b32,0.15,100.00,100.00
a32,Shopping,b32,0.15,100.00,100.00
a32,Shopping,b32,0.15,100.00,100.00
a33,Shopping,b32,0.15,83.33,100.00
a33,Shopping,b32,0.15,83.33,100.00
a33,Shopping,b32,0.15,83.33,100.00
a33,Shopping,b32,0.15,83.33,100.00
a33,Shopping,b32,0.15,83.33,100.00
a33,Shopping,b32,0.15,83.33,100.00
a33,Shopping,b32,0.15,83.33,100.00
a33,Shopping,b32,0.15,83.33,100.00
a33,Shopping,b32,0.15,83.33,100.00
a33,Shopping,b32,0.15,71.43,100.00
a31,Shopping,b32,0.15,100.00,100.00
a31,Shopping,b32,0.15,100.00,100.00
a31,Shopping,b32,0.15,100.00,100.00
a31,Shopping,b32,0.15,100.00,75.00
a31,Shopping,b32,0.15,100.00,100.00
a31,Shopping,b32,0.15,100.00,100.00
a31,Shopping,b32,0.15,100.00,100.00
a31,Shopping,b32,0.15,100.00,100.00
a31,Shopping,b32,0.15,100.00,100.00
a31,Shopping,b32,0.15,66.67,50.00
a34,Shopping,b32,0.15,100.00,80.00
a34,Shopping,b32,0.15,100.00,80.00
a34,Shopping,b32,0.15,100.00,80.00
a34,Shopping,b32,0.15,100.00,80.00
a34,Shopping,b32,0.15,100.00,80.00
a34,Shopping,b32,0.15,100.00,80.00
a34,Shopping,b32,0.15,100.00,80.00
a34,Shopping,b32,0.15,100.00,80.00
a34,Shopping,b32,0.15,100.00,80.00
a34,Shopping,b32,0.15,100.00,80.00
a35,Shopping,b32,0.15,80.00,66.67
a35,Shopping,b32,0.15,34.55,100.00
a35,Shopping,b32,0.15,39.29,100.00
a35,Shopping,b32,0.15,31.82,100.00
a35,Shopping,b32,0.15,28.13,83.33
a35,Shopping,b32,0.15,46.15,100.00
a35,Shopping,b32,0.15,33.96,100.00
a35,Shopping,b32,0.15,33.96,100.00
a35,Shopping,b32,0.15,33.33,100.00
a35,Shopping,b32,0.15,28.13,83.33
a44,Mail Client,b41,0.30,60.00,80.00
a44,Mail Client,b41,0.30,60.00,80.00
a44,Mail Client,b41,0.30,60.00,80.00
a44,Mail Client,b41,0.30,50.00,80.00
a44,Mail Client,b41,0.30,60.00,80.00
a44,Mail Client,b41,0.30,36.36,100.00
a44,Mail Client,b41,0.30,60.00,80.00
a44,Mail Client,b41,0.30,60.00,80.00
a44,Mail Client,b41,0.30,50.00,80.00
a44,Mail Client,b41,0.30,60.00,80.00
a45,Mail Client,b41,0.30,66.67,75.00
a45,Mail Client,b41,0.30,66.67,75.00
a45,Mail Client,b41,0.30,66.67,75.00
a45,Mail Client,b41,0.30,66.67,75.00
a45,Mail Client,b41,0.30,66.67,75.00
a45,Mail Client,b41,0.30,66.67,75.00
a45,Mail Client,b41,0.30,66.67,75.00
a45,Mail Client,b41,0.30,66.67,75.00
a45,Mail Client,b41,0.30,100.00,75.00
a45,Mail Client,b41,0.30,50.00,75.00
a43,Mail Client,b41,0.30,46.15,100.00
a43,Mail Client,b41,0.30,40.00,66.67
a43,Mail Client,b41,0.30,40.00,66.67
a43,Mail Client,b41,0.30,33.33,66.67
a43,Mail Client,b41,0.30,6.90,33.33
a43,Mail Client,b41,0.30,46.15,100.00
a43,Mail Client,b41,0.30,25.00,33.33
a43,Mail Client,b41,0.30,20.00,33.33
a43,Mail Client,b41,0.30,33.33,66.67
a41,Mail Client,b41,0.30,40.00,66.67
a41,Mail Client,b41,0.30,40.00,66.67
a41,Mail Client,b41,0.30,40.00,66.67
a41,Mail Client,b41,0.30,40.00,66.67
a41,Mail Client,b41,0.30,40.00,66.67
a41,Mail Client,b41,0.30,42.31,66.67
a41,Mail Client,b41,0.30,42.31,66.67
a41,Mail Client,b41,0.30,40.00,66.67
a41,Mail Client,b41,0.30,55.56,55.56
a42,Mail Client,b41,0.30,20.00,66.67
a42,Mail Client,b41,0.30,50.00,66.67
a42,Mail Client,b41,0.30,15.79,66.67
a42,Mail Client,b41,0.30,20.00,66.67
a42,Mail Client,b41,0.30,22.22,66.67
a42,Mail Client,b41,0.30,13.51,66.67
a42,Mail Client,b41,0.30,11.54,66.67
a42,Mail Client,b41,0.30,13.51,66.67
a42,Mail Client,b41,0.30,12.82,66.67
a44,Mail Client,b41,0.20,60.00,80.00
a44,Mail Client,b41,0.20,60.00,80.00
a44,Mail Client,b41,0.20,60.00,80.00
a44,Mail Client,b41,0.20,60.00,80.00
a44,Mail Client,b41,0.20,60.00,80.00
a44,Mail Client,b41,0.20,60.00,80.00
a44,Mail Client,b41,0.20,50.00,80.00
a44,Mail Client,b41,0.20,60.00,80.00
a44,Mail Client,b41,0.20,60.00,80.00
a44,Mail Client,b41,0.20,60.00,80.00
a45,Mail Client,b41,0.20,66.67,75.00
a45,Mail Client,b41,0.20,66.67,75.00
a45,Mail Client,b41,0.20,42.86,100.00
a45,Mail Client,b41,0.20,66.67,75.00
a45,Mail Client,b41,0.20,66.67,75.00
a45,Mail Client,b41,0.20,66.67,75.00
a45,Mail Client,b41,0.20,66.67,75.00
a45,Mail Client,b41,0.20,66.67,75.00
a45,Mail Client,b41,0.20,66.67,75.00
a45,Mail Client,b41,0.20,66.67,75.00
a43,Mail Client,b41,0.20,25.00,66.67
a43,Mail Client,b41,0.20,15.56,100.00
a43,Mail Client,b41,0.20,25.00,66.67
a43,Mail Client,b41,0.20,16.67,33.33
a43,Mail Client,b41,0.20,42.86,66.67
a43,Mail Client,b41,0.20,33.33,66.67
a43,Mail Client,b41,0.20,42.86,66.67
a43,Mail Client,b41,0.20,42.86,66.67
a43,Mail Client,b41,0.20,33.33,66.67
a43,Mail Client,b41,0.20,33.33,66.67
a41,Mail Client,b41,0.20,14.29,66.67
a41,Mail Client,b41,0.20,14.29,44.44
a41,Mail Client,b41,0.20,14.29,66.67
a41,Mail Client,b41,0.20,30.00,66.67
a41,Mail Client,b41,0.20,14.29,66.67
a41,Mail Client,b41,0.20,15.79,66.67
a41,Mail Client,b41,0.20,27.27,66.67
a41,Mail Client,b41,0.20,14.29,66.67
a41,Mail Client,b41,0.20,63.64,66.67
a41,Mail Client,b41,0.20,14.29,66.67
a42,Mail Client,b41,0.20,9.09,66.67
a42,Mail Client,b41,0.20,9.30,66.67
a42,Mail Client,b41,0.20,14.29,66.67
a42,Mail Client,b41,0.20,10.53,66.67
a42,Mail Client,b41,0.20,13.79,66.67
a42,Mail Client,b41,0.20,7.32,66.67
a42,Mail Client,b41,0.20,13.79,66.67
a42,Mail Client,b41,0.20,13.51,66.67
a42,Mail Client,b41,0.20,9.62,66.67
a42,Mail Client,b41,0.20,15.00,66.67
a44,Mail Client,b41,0.25,60.00,80.00
a44,Mail Client,b41,0.25,60.00,80.00
a44,Mail Client,b41,0.25,60.00,80.00
a44,Mail Client,b41,0.25,60.00,80.00
a44,Mail Client,b41,0.25,60.00,80.00
a44,Mail Client,b41,0.25,50.00,80.00
a44,Mail Client,b41,0.25,60.00,80.00
a44,Mail Client,b41,0.25,60.00,80.00
a44,Mail Client,b41,0.25,60.00,80.00
a44,Mail Client,b41,0.25,60.00,80.00
a45,Mail Client,b41,0.25,66.67,75.00
a45,Mail Client,b41,0.25,66.67,75.00
a45,Mail Client,b41,0.25,66.67,75.00
a45,Mail Client,b41,0.25,66.67,75.00
a45,Mail Client,b41,0.25,50.00,75.00
a45,Mail Client,b41,0.25,66.67,75.00
a45,Mail Client,b41,0.25,66.67,75.00
a45,Mail Client,b41,0.25,66.67,75.00
a45,Mail Client,b41,0.25,66.67,75.00
a45,Mail Client,b41,0.25,66.67,75.00
a43,Mail Client,b41,0.25,42.86,66.67
a43,Mail Client,b41,0.25,40.00,66.67
a43,Mail Client,b41,0.25,20.00,33.33
a43,Mail Client,b41,0.25,40.00,66.67
a43,Mail Client,b41,0.25,40.00,66.67
a43,Mail Client,b41,0.25,28.57,66.67
a43,Mail Client,b41,0.25,25.00,66.67
a43,Mail Client,b41,0.25,33.33,66.67
a43,Mail Client,b41,0.25,0,0
a41,Mail Client,b41,0.25,28.00,66.67
a41,Mail Client,b41,0.25,75.00,88.89
a41,Mail Client,b41,0.25,75.00,88.89
a41,Mail Client,b41,0.25,70.00,66.67
a41,Mail Client,b41,0.25,28.00,66.67
a41,Mail Client,b41,0.25,75.00,88.89
a41,Mail Client,b41,0.25,75.00,88.89
a41,Mail Client,b41,0.25,100.00,33.33
a41,Mail Client,b41,0.25,55.56,88.89
a41,Mail Client,b41,0.25,81.82,88.89
a42,Mail Client,b41,0.25,6.25,66.67
a42,Mail Client,b41,0.25,50.00,66.67
a42,Mail Client,b41,0.25,14.29,66.67
a42,Mail Client,b41,0.25,11.43,66.67
a42,Mail Client,b41,0.25,5.26,66.67
a42,Mail Client,b41,0.25,50.00,66.67
a42,Mail Client,b41,0.25,10.26,66.67
a42,Mail Client,b41,0.25,50.00,66.67
a42,Mail Client,b41,0.25,20.00,66.67
a44,Mail Client,b41,0.10,50.00,80.00
a44,Mail Client,b41,0.10,60.00,80.00
a44,Mail Client,b41,0.10,60.00,80.00
a44,Mail Client,b41,0.10,60.00,80.00
a44,Mail Client,b41,0.10,60.00,80.00
a44,Mail Client,b41,0.10,60.00,80.00
a44,Mail Client,b41,0.10,60.00,80.00
a44,Mail Client,b41,0.10,60.00,80.00
a44,Mail Client,b41,0.10,60.00,80.00
a44,Mail Client,b41,0.10,60.00,80.00
a45,Mail Client,b41,0.10,10.00,75.00
a45,Mail Client,b41,0.10,10.00,75.00
a45,Mail Client,b41,0.10,10.00,75.00
a45,Mail Client,b41,0.10,10.00,75.00
a45,Mail Client,b41,0.10,8.33,75.00
a45,Mail Client,b41,0.10,10.00,75.00
a45,Mail Client,b41,0.10,10.00,75.00
a45,Mail Client,b41,0.10,10.00,75.00
a45,Mail Client,b41,0.10,10.00,75.00
a45,Mail Client,b41,0.10,10.00,75.00
a43,Mail Client,b41,0.10,47.37,100.00
a43,Mail Client,b41,0.10,42.86,100.00
a43,Mail Client,b41,0.10,42.86,100.00
a43,Mail Client,b41,0.10,36.67,100.00
a43,Mail Client,b41,0.10,42.86,100.00
a43,Mail Client,b41,0.10,42.86,100.00
a43,Mail Client,b41,0.10,33.33,66.67
a43,Mail Client,b41,0.10,35.00,100.00
a43,Mail Client,b41,0.10,42.86,100.00
a43,Mail Client,b41,0.10,42.86,100.00
a41,Mail Client,b41,0.10,23.33,44.44
a41,Mail Client,b41,0.10,23.33,44.44
a41,Mail Client,b41,0.10,23.33,44.44
a41,Mail Client,b41,0.10,53.33,88.89
a41,Mail Client,b41,0.10,53.33,88.89
a41,Mail Client,b41,0.10,23.33,44.44
a41,Mail Client,b41,0.10,23.33,44.44
a41,Mail Client,b41,0.10,35.00,44.44
a41,Mail Client,b41,0.10,23.33,44.44
a41,Mail Client,b41,0.10,10.53,44.44
a42,Mail Client,b41,0.10,7.41,66.67
a42,Mail Client,b41,0.10,11.11,66.67
a42,Mail Client,b41,0.10,12.24,66.67
a42,Mail Client,b41,0.10,11.54,66.67
a42,Mail Client,b41,0.10,50.00,66.67
a42,Mail Client,b41,0.10,11.11,66.67
a42,Mail Client,b41,0.10,10.00,66.67
a42,Mail Client,b41,0.10,50.00,66.67
a42,Mail Client,b41,0.10,11.43,66.67
a42,Mail Client,b41,0.10,40.00,66.67
a44,Mail Client,b41,0.15,60.00,80.00
a44,Mail Client,b41,0.15,60.00,80.00
a44,Mail Client,b41,0.15,60.00,80.00
a44,Mail Client,b41,0.15,60.00,80.00
a44,Mail Client,b41,0.15,50.00,60.00
a44,Mail Client,b41,0.15,60.00,80.00
a44,Mail Client,b41,0.15,50.00,80.00
a44,Mail Client,b41,0.15,60.00,80.00
a44,Mail Client,b41,0.15,60.00,80.00
a44,Mail Client,b41,0.15,60.00,80.00
a45,Mail Client,b41,0.15,10.00,75.00
a45,Mail Client,b41,0.15,10.00,75.00
a45,Mail Client,b41,0.15,10.00,75.00
a45,Mail Client,b41,0.15,10.00,75.00
a45,Mail Client,b41,0.15,10.00,75.00
a45,Mail Client,b41,0.15,10.00,75.00
a45,Mail Client,b41,0.15,10.00,75.00
a45,Mail Client,b41,0.15,10.00,75.00
a45,Mail Client,b41,0.15,8.33,75.00
a45,Mail Client,b41,0.15,10.00,75.00
a43,Mail Client,b41,0.15,50.00,66.67
a43,Mail Client,b41,0.15,40.00,66.67
a43,Mail Client,b41,0.15,28.57,66.67
a43,Mail Client,b41,0.15,40.00,66.67
a43,Mail Client,b41,0.15,13.33,66.67
a43,Mail Client,b41,0.15,40.00,66.67
a43,Mail Client,b41,0.15,40.00,66.67
a41,Mail Client,b41,0.15,20.69,33.33
a41,Mail Client,b41,0.15,20.69,33.33
a41,Mail Client,b41,0.15,37.50,33.33
a41,Mail Client,b41,0.15,53.33,88.89
a41,Mail Client,b41,0.15,20.69,33.33
a41,Mail Client,b41,0.15,60.00,88.89
a41,Mail Client,b41,0.15,20.69,33.33
a41,Mail Client,b41,0.15,20.69,33.33
a42,Mail Client,b41,0.15,11.54,66.67
a42,Mail Client,b41,0.15,6.52,66.67
a42,Mail Client,b41,0.15,7.14,66.67
a42,Mail Client,b41,0.15,50.00,66.67
a42,Mail Client,b41,0.15,11.54,66.67
a42,Mail Client,b41,0.15,14.29,66.67
a42,Mail Client,b41,0.15,50.00,66.67
a42,Mail Client,b41,0.15,13.56,66.67
a44,Mail Client,b42,0.30,100.00,85.71
a44,Mail Client,b42,0.30,100.00,85.71
a44,Mail Client,b42,0.30,100.00,85.71
a44,Mail Client,b42,0.30,100.00,85.71
a44,Mail Client,b42,0.30,100.00,85.71
a44,Mail Client,b42,0.30,100.00,85.71
a44,Mail Client,b42,0.30,100.00,85.71
a44,Mail Client,b42,0.30,100.00,85.71
a44,Mail Client,b42,0.30,100.00,85.71
a44,Mail Client,b42,0.30,100.00,85.71
a45,Mail Client,b42,0.30,100.00,80.00
a45,Mail Client,b42,0.30,100.00,80.00
a45,Mail Client,b42,0.30,100.00,80.00
a45,Mail Client,b42,0.30,100.00,80.00
a45,Mail Client,b42,0.30,100.00,80.00
a45,Mail Client,b42,0.30,100.00,80.00
a45,Mail Client,b42,0.30,100.00,80.00
a45,Mail Client,b42,0.30,100.00,80.00
a45,Mail Client,b42,0.30,100.00,80.00
a45,Mail Client,b42,0.30,100.00,80.00
a43,Mail Client,b42,0.30,40.00,66.67
a43,Mail Client,b42,0.30,25.00,100.00
a43,Mail Client,b42,0.30,50.00,66.67
a43,Mail Client,b42,0.30,33.33,66.67
a43,Mail Client,b42,0.30,40.00,66.67
a43,Mail Client,b42,0.30,25.00,66.67
a43,Mail Client,b42,0.30,25.00,33.33
a43,Mail Client,b42,0.30,25.00,33.33
a43,Mail Client,b42,0.30,50.00,66.67
a43,Mail Client,b42,0.30,3.77,66.67
a41,Mail Client,b42,0.30,77.78,54.55
a41,Mail Client,b42,0.30,77.78,54.55
a41,Mail Client,b42,0.30,77.78,54.55
a41,Mail Client,b42,0.30,70.00,54.55
a41,Mail Client,b42,0.30,20.59,63.64
a41,Mail Client,b42,0.30,77.78,54.55
a41,Mail Client,b42,0.30,77.78,54.55
a41,Mail Client,b42,0.30,77.78,54.55
a41,Mail Client,b42,0.30,77.78,54.55
a41,Mail Client,b42,0.30,80.00,54.55
a42,Mail Client,b42,0.30,11.11,66.67
a42,Mail Client,b42,0.30,10.00,66.67
a42,Mail Client,b42,0.30,10.00,66.67
a42,Mail Client,b42,0.30,50.00,33.33
a42,Mail Client,b42,0.30,11.43,66.67
a42,Mail Client,b42,0.30,33.33,33.33
a42,Mail Client,b42,0.30,40.00,66.67
a42,Mail Client,b42,0.30,50.00,66.67
a42,Mail Client,b42,0.30,10.00,66.67
a42,Mail Client,b42,0.30,15.09,66.67
a44,Mail Client,b42,0.20,100.00,85.71
a44,Mail Client,b42,0.20,100.00,85.71
a44,Mail Client,b42,0.20,100.00,85.71
a44,Mail Client,b42,0.20,100.00,85.71
a44,Mail Client,b42,0.20,100.00,85.71
a44,Mail Client,b42,0.20,100.00,71.43
a44,Mail Client,b42,0.20,100.00,85.71
a44,Mail Client,b42,0.20,100.00,85.71
a44,Mail Client,b42,0.20,100.00,85.71
a44,Mail Client,b42,0.20,100.00,85.71
a45,Mail Client,b42,0.20,100.00,80.00
a45,Mail Client,b42,0.20,100.00,80.00
a45,Mail Client,b42,0.20,28.57,80.00
a45,Mail Client,b42,0.20,100.00,80.00
a45,Mail Client,b42,0.20,100.00,80.00
a45,Mail Client,b42,0.20,100.00,80.00
a45,Mail Client,b42,0.20,50.00,80.00
a45,Mail Client,b42,0.20,100.00,80.00
a45,Mail Client,b42,0.20,100.00,80.00
a45,Mail Client,b42,0.20,100.00,80.00
a43,Mail Client,b42,0.20,50.00,66.67
a43,Mail Client,b42,0.20,55.56,100.00
a43,Mail Client,b42,0.20,62.50,100.00
a43,Mail Client,b42,0.20,50.00,66.67
a43,Mail Client,b42,0.20,50.00,66.67
a43,Mail Client,b42,0.20,50.00,66.67
a43,Mail Client,b42,0.20,58.82,100.00
a41,Mail Client,b42,0.20,36.11,81.82
a41,Mail Client,b42,0.20,15.25,63.64
a41,Mail Client,b42,0.20,45.83,90.91
a41,Mail Client,b42,0.20,64.71,54.55
a41,Mail Client,b42,0.20,27.50,63.64
a41,Mail Client,b42,0.20,65.22,81.82
a41,Mail Client,b42,0.20,64.71,54.55
a41,Mail Client,b42,0.20,60.87,81.82
a42,Mail Client,b42,0.20,21.05,66.67
a42,Mail Client,b42,0.20,33.33,66.67
a42,Mail Client,b42,0.20,21.05,66.67
a42,Mail Client,b42,0.20,17.65,66.67
a42,Mail Client,b42,0.20,17.65,66.67
a42,Mail Client,b42,0.20,15.00,66.67
a42,Mail Client,b42,0.20,15.00,66.67
a42,Mail Client,b42,0.20,21.05,66.67
a44,Mail Client,b42,0.25,100.00,85.71
a44,Mail Client,b42,0.25,100.00,85.71
a44,Mail Client,b42,0.25,100.00,85.71
a44,Mail Client,b42,0.25,100.00,85.71
a44,Mail Client,b42,0.25,100.00,85.71
a44,Mail Client,b42,0.25,100.00,85.71
a44,Mail Client,b42,0.25,100.00,85.71
a44,Mail Client,b42,0.25,100.00,85.71
a44,Mail Client,b42,0.25,100.00,85.71
a44,Mail Client,b42,0.25,100.00,85.71
a45,Mail Client,b42,0.25,100.00,80.00
a45,Mail Client,b42,0.25,100.00,80.00
a45,Mail Client,b42,0.25,100.00,80.00
a45,Mail Client,b42,0.25,100.00,80.00
a45,Mail Client,b42,0.25,100.00,80.00
a45,Mail Client,b42,0.25,100.00,80.00
a45,Mail Client,b42,0.25,100.00,80.00
a45,Mail Client,b42,0.25,100.00,80.00
a45,Mail Client,b42,0.25,100.00,80.00
a45,Mail Client,b42,0.25,100.00,80.00
a43,Mail Client,b42,0.25,50.00,66.67
a43,Mail Client,b42,0.25,50.00,66.67
a43,Mail Client,b42,0.25,50.00,66.67
a43,Mail Client,b42,0.25,50.00,66.67
a43,Mail Client,b42,0.25,50.00,66.67
a43,Mail Client,b42,0.25,50.00,66.67
a43,Mail Client,b42,0.25,50.00,66.67
a43,Mail Client,b42,0.25,50.00,66.67
a43,Mail Client,b42,0.25,50.00,66.67
a41,Mail Client,b42,0.25,83.33,81.82
a41,Mail Client,b42,0.25,84.62,81.82
a41,Mail Client,b42,0.25,83.33,81.82
a41,Mail Client,b42,0.25,83.33,81.82
a41,Mail Client,b42,0.25,83.33,81.82
a41,Mail Client,b42,0.25,83.33,81.82
a41,Mail Client,b42,0.25,83.33,81.82
a41,Mail Client,b42,0.25,73.33,90.91
a41,Mail Client,b42,0.25,83.33,81.82
a41,Mail Client,b42,0.25,83.33,81.82
a42,Mail Client,b42,0.25,28.57,66.67
a42,Mail Client,b42,0.25,33.33,33.33
a42,Mail Client,b42,0.25,33.33,66.67
a42,Mail Client,b42,0.25,33.33,66.67
a42,Mail Client,b42,0.25,33.33,66.67
a42,Mail Client,b42,0.25,33.33,66.67
a42,Mail Client,b42,0.25,33.33,66.67
a42,Mail Client,b42,0.25,33.33,66.67
a42,Mail Client,b42,0.25,33.33,66.67
a42,Mail Client,b42,0.25,33.33,66.67
a44,Mail Client,b42,0.10,100.00,85.71
a44,Mail Client,b42,0.10,100.00,85.71
a44,Mail Client,b42,0.10,100.00,85.71
a44,Mail Client,b42,0.10,100.00,85.71
a44,Mail Client,b42,0.10,100.00,85.71
a44,Mail Client,b42,0.10,100.00,85.71
a44,Mail Client,b42,0.10,100.00,85.71
a44,Mail Client,b42,0.10,100.00,85.71
a44,Mail Client,b42,0.10,100.00,85.71
a44,Mail Client,b42,0.10,100.00,85.71
a45,Mail Client,b42,0.10,100.00,80.00
a45,Mail Client,b42,0.10,100.00,80.00
a45,Mail Client,b42,0.10,100.00,80.00
a45,Mail Client,b42,0.10,100.00,80.00
a45,Mail Client,b42,0.10,100.00,80.00
a45,Mail Client,b42,0.10,100.00,80.00
a45,Mail Client,b42,0.10,100.00,80.00
a45,Mail Client,b42,0.10,100.00,80.00
a45,Mail Client,b42,0.10,100.00,80.00
a45,Mail Client,b42,0.10,100.00,80.00
a43,Mail Client,b42,0.10,11.76,66.67
a43,Mail Client,b42,0.10,14.29,66.67
a43,Mail Client,b42,0.10,13.04,66.67
a43,Mail Client,b42,0.10,12.50,66.67
a43,Mail Client,b42,0.10,13.33,66.67
a43,Mail Client,b42,0.10,40.00,66.67
a43,Mail Client,b42,0.10,50.00,66.67
a43,Mail Client,b42,0.10,50.00,66.67
a43,Mail Client,b42,0.10,50.00,66.67
a43,Mail Client,b42,0.10,50.00,66.67
a41,Mail Client,b42,0.10,50.00,54.55
a41,Mail Client,b42,0.10,43.75,63.64
a41,Mail Client,b42,0.10,53.85,63.64
a41,Mail Client,b42,0.10,46.67,63.64
a41,Mail Client,b42,0.10,43.75,63.64
a41,Mail Client,b42,0.10,46.67,63.64
a41,Mail Client,b42,0.10,53.85,63.64
a41,Mail Client,b42,0.10,46.67,63.64
a41,Mail Client,b42,0.10,45.45,63.64
a41,Mail Client,b42,0.10,46.67,63.64
a42,Mail Client,b42,0.10,13.64,66.67
a42,Mail Client,b42,0.10,17.65,66.67
a42,Mail Client,b42,0.10,50.00,33.33
a42,Mail Client,b42,0.10,50.00,33.33
a42,Mail Client,b42,0.10,3.45,33.33
a42,Mail Client,b42,0.10,15.00,66.67
a42,Mail Client,b42,0.10,66.67,66.67
a42,Mail Client,b42,0.10,13.04,66.67
a42,Mail Client,b42,0.10,50.00,33.33
a42,Mail Client,b42,0.10,7.69,66.67
a44,Mail Client,b42,0.15,100.00,85.71
a44,Mail Client,b42,0.15,100.00,85.71
a44,Mail Client,b42,0.15,100.00,85.71
a44,Mail Client,b42,0.15,100.00,85.71
a44,Mail Client,b42,0.15,100.00,85.71
a44,Mail Client,b42,0.15,100.00,85.71
a44,Mail Client,b42,0.15,100.00,85.71
a44,Mail Client,b42,0.15,100.00,85.71
a44,Mail Client,b42,0.15,100.00,85.71
a44,Mail Client,b42,0.15,100.00,85.71
a45,Mail Client,b42,0.15,100.00,80.00
a45,Mail Client,b42,0.15,100.00,80.00
a45,Mail Client,b42,0.15,100.00,80.00
a45,Mail Client,b42,0.15,100.00,80.00
a45,Mail Client,b42,0.15,100.00,80.00
a45,Mail Client,b42,0.15,100.00,80.00
a45,Mail Client,b42,0.15,100.00,80.00
a45,Mail Client,b42,0.15,100.00,80.00
a45,Mail Client,b42,0.15,100.00,80.00
a45,Mail Client,b42,0.15,100.00,80.00
a43,Mail Client,b42,0.15,50.00,66.67
a43,Mail Client,b42,0.15,50.00,66.67
a43,Mail Client,b42,0.15,50.00,66.67
a43,Mail Client,b42,0.15,50.00,66.67
a43,Mail Client,b42,0.15,50.00,66.67
a43,Mail Client,b42,0.15,40.00,66.67
a43,Mail Client,b42,0.15,50.00,66.67
a43,Mail Client,b42,0.15,50.00,66.67
a43,Mail Client,b42,0.15,40.00,66.67
a43,Mail Client,b42,0.15,40.00,66.67
a41,Mail Client,b42,0.15,43.59,81.82
a41,Mail Client,b42,0.15,50.00,54.55
a41,Mail Client,b42,0.15,25.71,81.82
a41,Mail Client,b42,0.15,50.00,54.55
a41,Mail Client,b42,0.15,50.00,54.55
a41,Mail Client,b42,0.15,58.82,81.82
a41,Mail Client,b42,0.15,24.56,90.91
a41,Mail Client,b42,0.15,46.34,100.00
a41,Mail Client,b42,0.15,42.86,72.73
a41,Mail Client,b42,0.15,25.71,81.82
a42,Mail Client,b42,0.15,18.18,66.67
a42,Mail Client,b42,0.15,17.86,66.67
a42,Mail Client,b42,0.15,25.00,66.67
a42,Mail Client,b42,0.15,50.00,33.33
a42,Mail Client,b42,0.15,50.00,33.33
a42,Mail Client,b42,0.15,50.00,33.33
a42,Mail Client,b42,0.15,50.00,33.33
a42,Mail Client,b42,0.15,50.00,33.33
a42,Mail Client,b42,0.15,50.00,33.33
a42,Mail Client,b42,0.15,17.24,66.67
a54,Tip Calculator,b51,0.30,100.00,100.00
a54,Tip Calculator,b51,0.30,100.00,100.00
a54,Tip Calculator,b51,0.30,100.00,100.00
a54,Tip Calculator,b51,0.30,100.00,100.00
a54,Tip Calculator,b51,0.30,100.00,100.00
a54,Tip Calculator,b51,0.30,100.00,100.00
a54,Tip Calculator,b51,0.30,100.00,100.00
a54,Tip Calculator,b51,0.30,100.00,100.00
a54,Tip Calculator,b51,0.30,100.00,100.00
a54,Tip Calculator,b51,0.30,100.00,100.00
a55,Tip Calculator,b51,0.30,100.00,100.00
a55,Tip Calculator,b51,0.30,100.00,100.00
a55,Tip Calculator,b51,0.30,100.00,100.00
a55,Tip Calculator,b51,0.30,100.00,100.00
a55,Tip Calculator,b51,0.30,100.00,100.00
a55,Tip Calculator,b51,0.30,100.00,100.00
a55,Tip Calculator,b51,0.30,100.00,100.00
a55,Tip Calculator,b51,0.30,100.00,100.00
a55,Tip Calculator,b51,0.30,100.00,100.00
a55,Tip Calculator,b51,0.30,100.00,100.00
a52,Tip Calculator,b51,0.30,75.00,100.00
a52,Tip Calculator,b51,0.30,75.00,100.00
a52,Tip Calculator,b51,0.30,75.00,100.00
a52,Tip Calculator,b51,0.30,75.00,100.00
a52,Tip Calculator,b51,0.30,75.00,100.00
a52,Tip Calculator,b51,0.30,75.00,100.00
a52,Tip Calculator,b51,0.30,50.00,66.67
a52,Tip Calculator,b51,0.30,75.00,100.00
a52,Tip Calculator,b51,0.30,75.00,100.00
a52,Tip Calculator,b51,0.30,75.00,100.00
a53,Tip Calculator,b51,0.30,100.00,100.00
a53,Tip Calculator,b51,0.30,100.00,100.00
a53,Tip Calculator,b51,0.30,100.00,100.00
a53,Tip Calculator,b51,0.30,100.00,100.00
a53,Tip Calculator,b51,0.30,100.00,100.00
a53,Tip Calculator,b51,0.30,100.00,100.00
a53,Tip Calculator,b51,0.30,100.00,100.00
a53,Tip Calculator,b51,0.30,100.00,100.00
a53,Tip Calculator,b51,0.30,100.00,100.00
a53,Tip Calculator,b51,0.30,100.00,100.00
a54,Tip Calculator,b51,0.20,75.00,100.00
a54,Tip Calculator,b51,0.20,75.00,100.00
a54,Tip Calculator,b51,0.20,75.00,100.00
a54,Tip Calculator,b51,0.20,75.00,100.00
a54,Tip Calculator,b51,0.20,75.00,100.00
a54,Tip Calculator,b51,0.20,75.00,100.00
a54,Tip Calculator,b51,0.20,75.00,100.00
a54,Tip Calculator,b51,0.20,75.00,100.00
a54,Tip Calculator,b51,0.20,75.00,100.00
a54,Tip Calculator,b51,0.20,75.00,100.00
a55,Tip Calculator,b51,0.20,100.00,100.00
a55,Tip Calculator,b51,0.20,100.00,100.00
a55,Tip Calculator,b51,0.20,100.00,100.00
a55,Tip Calculator,b51,0.20,100.00,100.00
a55,Tip Calculator,b51,0.20,100.00,100.00
a55,Tip Calculator,b51,0.20,100.00,100.00
a55,Tip Calculator,b51,0.20,100.00,100.00
a55,Tip Calculator,b51,0.20,100.00,100.00
a55,Tip Calculator,b51,0.20,100.00,100.00
a55,Tip Calculator,b51,0.20,100.00,100.00
a52,Tip Calculator,b51,0.20,50.00,66.67
a52,Tip Calculator,b51,0.20,50.00,66.67
a52,Tip Calculator,b51,0.20,50.00,66.67
a52,Tip Calculator,b51,0.20,50.00,66.67
a52,Tip Calculator,b51,0.20,50.00,66.67
a52,Tip Calculator,b51,0.20,50.00,66.67
a52,Tip Calculator,b51,0.20,50.00,66.67
a52,Tip Calculator,b51,0.20,50.00,66.67
a52,Tip Calculator,b51,0.20,50.00,66.67
a52,Tip Calculator,b51,0.20,50.00,66.67
a53,Tip Calculator,b51,0.20,100.00,100.00
a53,Tip Calculator,b51,0.20,100.00,100.00
a53,Tip Calculator,b51,0.20,100.00,100.00
a53,Tip Calculator,b51,0.20,100.00,100.00
a53,Tip Calculator,b51,0.20,100.00,100.00
a53,Tip Calculator,b51,0.20,100.00,100.00
a53,Tip Calculator,b51,0.20,100.00,100.00
a53,Tip Calculator,b51,0.20,100.00,100.00
a53,Tip Calculator,b51,0.20,100.00,100.00
a53,Tip Calculator,b51,0.20,100.00,100.00
a54,Tip Calculator,b51,0.25,100.00,100.00
a54,Tip Calculator,b51,0.25,100.00,100.00
a54,Tip Calculator,b51,0.25,100.00,100.00
a54,Tip Calculator,b51,0.25,100.00,100.00
a54,Tip Calculator,b51,0.25,100.00,100.00
a54,Tip Calculator,b51,0.25,100.00,100.00
a54,Tip Calculator,b51,0.25,100.00,100.00
a54,Tip Calculator,b51,0.25,100.00,100.00
a54,Tip Calculator,b51,0.25,100.00,100.00
a54,Tip Calculator,b51,0.25,100.00,100.00
a55,Tip Calculator,b51,0.25,100.00,100.00
a55,Tip Calculator,b51,0.25,100.00,100.00
a55,Tip Calculator,b51,0.25,100.00,100.00
a55,Tip Calculator,b51,0.25,100.00,100.00
a55,Tip Calculator,b51,0.25,100.00,100.00
a55,Tip Calculator,b51,0.25,100.00,100.00
a55,Tip Calculator,b51,0.25,100.00,100.00
a55,Tip Calculator,b51,0.25,100.00,100.00
a55,Tip Calculator,b51,0.25,100.00,100.00
a52,Tip Calculator,b51,0.25,75.00,100.00
a52,Tip Calculator,b51,0.25,75.00,100.00
a52,Tip Calculator,b51,0.25,75.00,100.00
a52,Tip Calculator,b51,0.25,75.00,100.00
a52,Tip Calculator,b51,0.25,75.00,100.00
a52,Tip Calculator,b51,0.25,75.00,100.00
a52,Tip Calculator,b51,0.25,75.00,100.00
a52,Tip Calculator,b51,0.25,75.00,100.00
a52,Tip Calculator,b51,0.25,75.00,100.00
a52,Tip Calculator,b51,0.25,50.00,66.67
a53,Tip Calculator,b51,0.25,100.00,100.00
a53,Tip Calculator,b51,0.25,100.00,100.00
a53,Tip Calculator,b51,0.25,100.00,100.00
a53,Tip Calculator,b51,0.25,100.00,100.00
a53,Tip Calculator,b51,0.25,100.00,100.00
a53,Tip Calculator,b51,0.25,100.00,100.00
a53,Tip Calculator,b51,0.25,100.00,100.00
a53,Tip Calculator,b51,0.25,100.00,100.00
a53,Tip Calculator,b51,0.25,100.00,100.00
a53,Tip Calculator,b51,0.25,100.00,100.00
a54,Tip Calculator,b51,0.10,75.00,100.00
a54,Tip Calculator,b51,0.10,75.00,100.00
a54,Tip Calculator,b51,0.10,75.00,100.00
a54,Tip Calculator,b51,0.10,75.00,100.00
a54,Tip Calculator,b51,0.10,75.00,100.00
a54,Tip Calculator,b51,0.10,75.00,100.00
a54,Tip Calculator,b51,0.10,75.00,100.00
a54,Tip Calculator,b51,0.10,75.00,100.00
a54,Tip Calculator,b51,0.10,75.00,100.00
a54,Tip Calculator,b51,0.10,75.00,100.00
a55,Tip Calculator,b51,0.10,75.00,100.00
a55,Tip Calculator,b51,0.10,75.00,100.00
a55,Tip Calculator,b51,0.10,75.00,100.00
a55,Tip Calculator,b51,0.10,75.00,100.00
a55,Tip Calculator,b51,0.10,75.00,100.00
a55,Tip Calculator,b51,0.10,75.00,100.00
a55,Tip Calculator,b51,0.10,75.00,100.00
a55,Tip Calculator,b51,0.10,75.00,100.00
a55,Tip Calculator,b51,0.10,75.00,100.00
a55,Tip Calculator,b51,0.10,75.00,100.00
a52,Tip Calculator,b51,0.10,50.00,66.67
a52,Tip Calculator,b51,0.10,50.00,66.67
a52,Tip Calculator,b51,0.10,50.00,66.67
a52,Tip Calculator,b51,0.10,50.00,66.67
a52,Tip Calculator,b51,0.10,50.00,66.67
a52,Tip Calculator,b51,0.10,50.00,66.67
a52,Tip Calculator,b51,0.10,50.00,66.67
a52,Tip Calculator,b51,0.10,50.00,66.67
a52,Tip Calculator,b51,0.10,50.00,66.67
a52,Tip Calculator,b51,0.10,50.00,66.67
a53,Tip Calculator,b51,0.10,80.00,100.00
a53,Tip Calculator,b51,0.10,80.00,100.00
a53,Tip Calculator,b51,0.10,80.00,100.00
a53,Tip Calculator,b51,0.10,80.00,100.00
a53,Tip Calculator,b51,0.10,80.00,100.00
a53,Tip Calculator,b51,0.10,80.00,100.00
a53,Tip Calculator,b51,0.10,80.00,100.00
a53,Tip Calculator,b51,0.10,80.00,100.00
a53,Tip Calculator,b51,0.10,80.00,100.00
a53,Tip Calculator,b51,0.10,80.00,100.00
a54,Tip Calculator,b51,0.15,75.00,100.00
a54,Tip Calculator,b51,0.15,75.00,100.00
a54,Tip Calculator,b51,0.15,75.00,100.00
a54,Tip Calculator,b51,0.15,75.00,100.00
a54,Tip Calculator,b51,0.15,75.00,100.00
a54,Tip Calculator,b51,0.15,75.00,100.00
a54,Tip Calculator,b51,0.15,75.00,100.00
a54,Tip Calculator,b51,0.15,75.00,100.00
a54,Tip Calculator,b51,0.15,75.00,100.00
a54,Tip Calculator,b51,0.15,75.00,100.00
a55,Tip Calculator,b51,0.15,100.00,100.00
a55,Tip Calculator,b51,0.15,100.00,100.00
a55,Tip Calculator,b51,0.15,100.00,100.00
a55,Tip Calculator,b51,0.15,100.00,100.00
a55,Tip Calculator,b51,0.15,100.00,100.00
a55,Tip Calculator,b51,0.15,100.00,100.00
a55,Tip Calculator,b51,0.15,100.00,100.00
a55,Tip Calculator,b51,0.15,100.00,100.00
a55,Tip Calculator,b51,0.15,100.00,100.00
a55,Tip Calculator,b51,0.15,100.00,100.00
a52,Tip Calculator,b51,0.15,50.00,66.67
a52,Tip Calculator,b51,0.15,50.00,66.67
a52,Tip Calculator,b51,0.15,50.00,66.67
a52,Tip Calculator,b51,0.15,50.00,66.67
a52,Tip Calculator,b51,0.15,50.00,66.67
a52,Tip Calculator,b51,0.15,50.00,66.67
a52,Tip Calculator,b51,0.15,50.00,66.67
a52,Tip Calculator,b51,0.15,50.00,66.67
a52,Tip Calculator,b51,0.15,50.00,66.67
a52,Tip Calculator,b51,0.15,50.00,66.67
a53,Tip Calculator,b51,0.15,100.00,100.00
a53,Tip Calculator,b51,0.15,100.00,100.00
a53,Tip Calculator,b51,0.15,100.00,100.00
a53,Tip Calculator,b51,0.15,100.00,100.00
a53,Tip Calculator,b51,0.15,100.00,100.00
a53,Tip Calculator,b51,0.15,100.00,100.00
a53,Tip Calculator,b51,0.15,100.00,100.00
a53,Tip Calculator,b51,0.15,100.00,100.00
a53,Tip Calculator,b51,0.15,100.00,100.00
a53,Tip Calculator,b51,0.15,100.00,100.00
a54,Tip Calculator,b52,0.30,100.00,100.00
a54,Tip Calculator,b52,0.30,100.00,100.00
a54,Tip Calculator,b52,0.30,100.00,100.00
a54,Tip Calculator,b52,0.30,100.00,100.00
a54,Tip Calculator,b52,0.30,100.00,100.00
a54,Tip Calculator,b52,0.30,100.00,100.00
a54,Tip Calculator,b52,0.30,100.00,100.00
a54,Tip Calculator,b52,0.30,100.00,100.00
a54,Tip Calculator,b52,0.30,100.00,100.00
a54,Tip Calculator,b52,0.30,100.00,100.00
a55,Tip Calculator,b52,0.30,100.00,100.00
a55,Tip Calculator,b52,0.30,100.00,100.00
a55,Tip Calculator,b52,0.30,100.00,100.00
a55,Tip Calculator,b52,0.30,100.00,100.00
a55,Tip Calculator,b52,0.30,100.00,100.00
a55,Tip Calculator,b52,0.30,100.00,100.00
a55,Tip Calculator,b52,0.30,100.00,100.00
a55,Tip Calculator,b52,0.30,100.00,100.00
a55,Tip Calculator,b52,0.30,100.00,100.00
a55,Tip Calculator,b52,0.30,100.00,100.00
a52,Tip Calculator,b52,0.30,80.00,100.00
a52,Tip Calculator,b52,0.30,80.00,100.00
a52,Tip Calculator,b52,0.30,80.00,100.00
a52,Tip Calculator,b52,0.30,80.00,100.00
a52,Tip Calculator,b52,0.30,80.00,100.00
a52,Tip Calculator,b52,0.30,80.00,100.00
a52,Tip Calculator,b52,0.30,80.00,100.00
a52,Tip Calculator,b52,0.30,60.00,75.00
a52,Tip Calculator,b52,0.30,80.00,100.00
a52,Tip Calculator,b52,0.30,80.00,100.00
a53,Tip Calculator,b52,0.30,100.00,100.00
a53,Tip Calculator,b52,0.30,100.00,100.00
a53,Tip Calculator,b52,0.30,100.00,100.00
a53,Tip Calculator,b52,0.30,100.00,100.00
a53,Tip Calculator,b52,0.30,100.00,100.00
a53,Tip Calculator,b52,0.30,100.00,100.00
a53,Tip Calculator,b52,0.30,100.00,100.00
a53,Tip Calculator,b52,0.30,100.00,100.00
a53,Tip Calculator,b52,0.30,100.00,100.00
a53,Tip Calculator,b52,0.30,100.00,100.00
a54,Tip Calculator,b52,0.20,100.00,100.00
a54,Tip Calculator,b52,0.20,100.00,100.00
a54,Tip Calculator,b52,0.20,100.00,100.00
a54,Tip Calculator,b52,0.20,100.00,100.00
a54,Tip Calculator,b52,0.20,100.00,100.00
a54,Tip Calculator,b52,0.20,100.00,100.00
a54,Tip Calculator,b52,0.20,100.00,100.00
a54,Tip Calculator,b52,0.20,100.00,100.00
a54,Tip Calculator,b52,0.20,100.00,100.00
a54,Tip Calculator,b52,0.20,100.00,100.00
a55,Tip Calculator,b52,0.20,100.00,100.00
a55,Tip Calculator,b52,0.20,100.00,100.00
a55,Tip Calculator,b52,0.20,100.00,100.00
a55,Tip Calculator,b52,0.20,100.00,100.00
a55,Tip Calculator,b52,0.20,100.00,100.00
a55,Tip Calculator,b52,0.20,100.00,100.00
a55,Tip Calculator,b52,0.20,87.50,100.00
a55,Tip Calculator,b52,0.20,100.00,100.00
a55,Tip Calculator,b52,0.20,100.00,100.00
a55,Tip Calculator,b52,0.20,100.00,100.00
a52,Tip Calculator,b52,0.20,60.00,75.00
a52,Tip Calculator,b52,0.20,60.00,75.00
a52,Tip Calculator,b52,0.20,60.00,75.00
a52,Tip Calculator,b52,0.20,60.00,75.00
a52,Tip Calculator,b52,0.20,60.00,75.00
a52,Tip Calculator,b52,0.20,60.00,75.00
a52,Tip Calculator,b52,0.20,60.00,75.00
a52,Tip Calculator,b52,0.20,60.00,75.00
a52,Tip Calculator,b52,0.20,60.00,75.00
a52,Tip Calculator,b52,0.20,60.00,75.00
a53,Tip Calculator,b52,0.20,100.00,100.00
a53,Tip Calculator,b52,0.20,100.00,100.00
a53,Tip Calculator,b52,0.20,100.00,100.00
a53,Tip Calculator,b52,0.20,100.00,100.00
a53,Tip Calculator,b52,0.20,100.00,100.00
a53,Tip Calculator,b52,0.20,100.00,100.00
a53,Tip Calculator,b52,0.20,100.00,100.00
a53,Tip Calculator,b52,0.20,100.00,100.00
a53,Tip Calculator,b52,0.20,100.00,100.00
a53,Tip Calculator,b52,0.20,100.00,100.00
a54,Tip Calculator,b52,0.25,100.00,100.00
a54,Tip Calculator,b52,0.25,100.00,100.00
a54,Tip Calculator,b52,0.25,100.00,100.00
a54,Tip Calculator,b52,0.25,100.00,100.00
a54,Tip Calculator,b52,0.25,100.00,100.00
a55,Tip Calculator,b52,0.25,100.00,100.00
a55,Tip Calculator,b52,0.25,66.67,100.00
a55,Tip Calculator,b52,0.25,80.00,100.00
a55,Tip Calculator,b52,0.25,66.67,100.00
a55,Tip Calculator,b52,0.25,66.67,100.00
a52,Tip Calculator,b52,0.25,40.00,100.00
a52,Tip Calculator,b52,0.25,40.00,100.00
a52,Tip Calculator,b52,0.25,40.00,100.00
a52,Tip Calculator,b52,0.25,25.00,100.00
a52,Tip Calculator,b52,0.25,40.00,100.00
a53,Tip Calculator,b52,0.25,100.00,100.00
a53,Tip Calculator,b52,0.25,100.00,100.00
a53,Tip Calculator,b52,0.25,100.00,100.00
a53,Tip Calculator,b52,0.25,100.00,100.00
a53,Tip Calculator,b52,0.25,100.00,100.00
a54,Tip Calculator,b52,0.10,100.00,100.00
a54,Tip Calculator,b52,0.10,100.00,100.00
a54,Tip Calculator,b52,0.10,100.00,100.00
a54,Tip Calculator,b52,0.10,100.00,100.00
a54,Tip Calculator,b52,0.10,100.00,100.00
a54,Tip Calculator,b52,0.10,100.00,100.00
a54,Tip Calculator,b52,0.10,100.00,100.00
a54,Tip Calculator,b52,0.10,100.00,100.00
a54,Tip Calculator,b52,0.10,100.00,100.00
a54,Tip Calculator,b52,0.10,100.00,100.00
a55,Tip Calculator,b52,0.10,100.00,100.00
a55,Tip Calculator,b52,0.10,100.00,100.00
a55,Tip Calculator,b52,0.10,100.00,100.00
a55,Tip Calculator,b52,0.10,100.00,100.00
a55,Tip Calculator,b52,0.10,100.00,100.00
a55,Tip Calculator,b52,0.10,100.00,100.00
a55,Tip Calculator,b52,0.10,100.00,100.00
a55,Tip Calculator,b52,0.10,100.00,100.00
a55,Tip Calculator,b52,0.10,100.00,100.00
a55,Tip Calculator,b52,0.10,100.00,100.00
a52,Tip Calculator,b52,0.10,60.00,75.00
a52,Tip Calculator,b52,0.10,60.00,75.00
a52,Tip Calculator,b52,0.10,60.00,75.00
a52,Tip Calculator,b52,0.10,60.00,75.00
a52,Tip Calculator,b52,0.10,60.00,75.00
a52,Tip Calculator,b52,0.10,60.00,75.00
a52,Tip Calculator,b52,0.10,60.00,75.00
a52,Tip Calculator,b52,0.10,60.00,75.00
a52,Tip Calculator,b52,0.10,50.00,75.00
a52,Tip Calculator,b52,0.10,60.00,75.00
a53,Tip Calculator,b52,0.10,100.00,100.00
a53,Tip Calculator,b52,0.10,100.00,100.00
a53,Tip Calculator,b52,0.10,100.00,100.00
a53,Tip Calculator,b52,0.10,100.00,100.00
a53,Tip Calculator,b52,0.10,100.00,100.00
a53,Tip Calculator,b52,0.10,100.00,100.00
a53,Tip Calculator,b52,0.10,100.00,100.00
a53,Tip Calculator,b52,0.10,100.00,100.00
a53,Tip Calculator,b52,0.10,100.00,100.00
a53,Tip Calculator,b52,0.10,100.00,100.00
a54,Tip Calculator,b52,0.15,100.00,100.00
a54,Tip Calculator,b52,0.15,100.00,100.00
a54,Tip Calculator,b52,0.15,100.00,100.00
a54,Tip Calculator,b52,0.15,80.00,100.00
a54,Tip Calculator,b52,0.15,100.00,100.00
a54,Tip Calculator,b52,0.15,100.00,100.00
a54,Tip Calculator,b52,0.15,80.00,100.00
a54,Tip Calculator,b52,0.15,100.00,100.00
a54,Tip Calculator,b52,0.15,100.00,100.00
a54,Tip Calculator,b52,0.15,100.00,100.00
a55,Tip Calculator,b52,0.15,66.67,100.00
a55,Tip Calculator,b52,0.15,80.00,100.00
a55,Tip Calculator,b52,0.15,66.67,100.00
a55,Tip Calculator,b52,0.15,100.00,100.00
a55,Tip Calculator,b52,0.15,80.00,100.00
a55,Tip Calculator,b52,0.15,66.67,100.00
a55,Tip Calculator,b52,0.15,66.67,100.00
a55,Tip Calculator,b52,0.15,66.67,100.00
a55,Tip Calculator,b52,0.15,66.67,100.00
a55,Tip Calculator,b52,0.15,80.00,100.00
a52,Tip Calculator,b52,0.15,40.00,100.00
a52,Tip Calculator,b52,0.15,40.00,100.00
a52,Tip Calculator,b52,0.15,40.00,100.00
a52,Tip Calculator,b52,0.15,40.00,100.00
a52,Tip Calculator,b52,0.15,40.00,100.00
a52,Tip Calculator,b52,0.15,40.00,100.00
a52,Tip Calculator,b52,0.15,40.00,100.00
a52,Tip Calculator,b52,0.15,40.00,100.00
a52,Tip Calculator,b52,0.15,40.00,100.00
a52,Tip Calculator,b52,0.15,40.00,100.00
a53,Tip Calculator,b52,0.15,100.00,100.00
a53,Tip Calculator,b52,0.15,100.00,100.00
a53,Tip Calculator,b52,0.15,100.00,100.00
a53,Tip Calculator,b52,0.15,100.00,100.00
a53,Tip Calculator,b52,0.15,100.00,100.00
a53,Tip Calculator,b52,0.15,100.00,100.00
a53,Tip Calculator,b52,0.15,100.00,100.00
a53,Tip Calculator,b52,0.15,100.00,100.00
a53,Tip Calculator,b52,0.15,100.00,100.00
a53,Tip Calculator,b52,0.15,100.00,100.00